recordId,recordType,kanda,sarga,source,locator,description,tamilDraftStatus,whySafeNew,confidence,risk,recommendedDecision,ownerDecision
"STAGING-ARANYA-SARGA-1-2026","","Aranya Kanda",1,["VALMIKI_RAMAYANA_ARANYA_KANDA","SANSKRIT_DOCUMENTS_VALMIKI","READRAMAYANA_GITA_PRESS_COMPARISON"],"3.1.1 to 3.1.28","Entry into Dandakaranya Forest and Meeting Sage Sutikshna","EDITORIAL_DRAFT_READY_FOR_HUMAN_REVIEW","Independent source evidence, explicit locator, authority fields, stable ID, and no canonical target.",0.98,"STANDARD_OWNER_REVIEW","APPROVE",""
"STAGING-ARANYA-SARGA-10-2026","","Aranya Kanda",10,["VALMIKI_RAMAYANA_ARANYA_KANDA","SANSKRIT_DOCUMENTS_VALMIKI","READRAMAYANA_GITA_PRESS_COMPARISON"],"3.10.1 to 3.10.30","Arrival of Surpanakha at Panchavati","EDITORIAL_DRAFT_READY_FOR_HUMAN_REVIEW","Independent source evidence, explicit locator, authority fields, stable ID, and no canonical target.",0.98,"STANDARD_OWNER_REVIEW","APPROVE",""
"STAGING-ARANYA-SARGA-11-2026","","Aranya Kanda",11,["VALMIKI_RAMAYANA_ARANYA_KANDA","SANSKRIT_DOCUMENTS_VALMIKI","READRAMAYANA_GITA_PRESS_COMPARISON"],"3.11.1 to 3.11.35","Surpanakha's Approach and Encounter with Rama and Sita","EDITORIAL_DRAFT_READY_FOR_HUMAN_REVIEW","Independent source evidence, explicit locator, authority fields, stable ID, and no canonical target.",0.98,"STANDARD_OWNER_REVIEW","APPROVE",""
"STAGING-ARANYA-SARGA-12-2026","","Aranya Kanda",12,["VALMIKI_RAMAYANA_ARANYA_KANDA","SANSKRIT_DOCUMENTS_VALMIKI","READRAMAYANA_GITA_PRESS_COMPARISON"],"3.12.1 to 3.12.30","Surpanakha Approaches Lakshmana and is Mutilated","EDITORIAL_DRAFT_READY_FOR_HUMAN_REVIEW","Independent source evidence, explicit locator, authority fields, stable ID, and no canonical target.",0.98,"STANDARD_OWNER_REVIEW","APPROVE",""
"STAGING-ARANYA-SARGA-13-2026","","Aranya Kanda",13,["VALMIKI_RAMAYANA_ARANYA_KANDA","SANSKRIT_DOCUMENTS_VALMIKI","READRAMAYANA_GITA_PRESS_COMPARISON"],"3.13.1 to 3.13.32","Surpanakha Flees to Khara and Demands Vengeance","EDITORIAL_DRAFT_READY_FOR_HUMAN_REVIEW","Independent source evidence, explicit locator, authority fields, stable ID, and no canonical target.",0.98,"STANDARD_OWNER_REVIEW","APPROVE",""
"STAGING-ARANYA-SARGA-14-2026","","Aranya Kanda",14,["VALMIKI_RAMAYANA_ARANYA_KANDA","SANSKRIT_DOCUMENTS_VALMIKI","READRAMAYANA_GITA_PRESS_COMPARISON"],"3.14.1 to 3.14.30","Khara Dispatches Demonic Scouts and War Council","EDITORIAL_DRAFT_READY_FOR_HUMAN_REVIEW","Independent source evidence, explicit locator, authority fields, stable ID, and no canonical target.",0.98,"STANDARD_OWNER_REVIEW","APPROVE",""
"STAGING-ARANYA-SARGA-15-2026","","Aranya Kanda",15,["VALMIKI_RAMAYANA_ARANYA_KANDA","SANSKRIT_DOCUMENTS_VALMIKI","READRAMAYANA_GITA_PRESS_COMPARISON"],"3.15.1 to 3.15.30","Khara's Army Marches on Panchavati","EDITORIAL_DRAFT_READY_FOR_HUMAN_REVIEW","Independent source evidence, explicit locator, authority fields, stable ID, and no canonical target.",0.98,"STANDARD_OWNER_REVIEW","APPROVE",""
"STAGING-ARANYA-SARGA-16-2026","","Aranya Kanda",16,["VALMIKI_RAMAYANA_ARANYA_KANDA","SANSKRIT_DOCUMENTS_VALMIKI","READRAMAYANA_GITA_PRESS_COMPARISON"],"3.16.1 to 3.16.35","Arrival at the Hermitage of Sage Agastya","EDITORIAL_DRAFT_READY_FOR_HUMAN_REVIEW","Independent source evidence, explicit locator, authority fields, stable ID, and no canonical target.",0.98,"STANDARD_OWNER_REVIEW","APPROVE",""
"STAGING-ARANYA-SARGA-17-2026","","Aranya Kanda",17,["VALMIKI_RAMAYANA_ARANYA_KANDA","SANSKRIT_DOCUMENTS_VALMIKI","READRAMAYANA_GITA_PRESS_COMPARISON"],"3.17.1 to 3.17.30","Agastya Gifts the Celestial Bow and Quivers to Rama","EDITORIAL_DRAFT_READY_FOR_HUMAN_REVIEW","Independent source evidence, explicit locator, authority fields, stable ID, and no canonical target.",0.98,"STANDARD_OWNER_REVIEW","APPROVE",""
"STAGING-ARANYA-SARGA-18-2026","","Aranya Kanda",18,["VALMIKI_RAMAYANA_ARANYA_KANDA","SANSKRIT_DOCUMENTS_VALMIKI","READRAMAYANA_GITA_PRESS_COMPARISON"],"3.18.1 to 3.18.32","Agastya Directs Rama to Establish Panchavati","EDITORIAL_DRAFT_READY_FOR_HUMAN_REVIEW","Independent source evidence, explicit locator, authority fields, stable ID, and no canonical target.",0.98,"STANDARD_OWNER_REVIEW","APPROVE",""
"STAGING-ARANYA-SARGA-19-2026","","Aranya Kanda",19,["VALMIKI_RAMAYANA_ARANYA_KANDA","SANSKRIT_DOCUMENTS_VALMIKI","READRAMAYANA_GITA_PRESS_COMPARISON"],"3.19.1 to 3.19.30","Encounter with the Great Eagle Jatayu","EDITORIAL_DRAFT_READY_FOR_HUMAN_REVIEW","Independent source evidence, explicit locator, authority fields, stable ID, and no canonical target.",0.98,"STANDARD_OWNER_REVIEW","APPROVE",""
"STAGING-ARANYA-SARGA-2-2026","","Aranya Kanda",2,["VALMIKI_RAMAYANA_ARANYA_KANDA","SANSKRIT_DOCUMENTS_VALMIKI","READRAMAYANA_GITA_PRESS_COMPARISON"],"3.2.1 to 3.2.35","Visit to the Hermitages of Dandaka Ascetics","EDITORIAL_DRAFT_READY_FOR_HUMAN_REVIEW","Independent source evidence, explicit locator, authority fields, stable ID, and no canonical target.",0.98,"STANDARD_OWNER_REVIEW","APPROVE",""
"STAGING-ARANYA-SARGA-20-2026","","Aranya Kanda",20,["VALMIKI_RAMAYANA_ARANYA_KANDA","SANSKRIT_DOCUMENTS_VALMIKI","READRAMAYANA_GITA_PRESS_COMPARISON"],"3.20.1 to 3.20.35","Construction of the Leaf Cottage at Panchavati","EDITORIAL_DRAFT_READY_FOR_HUMAN_REVIEW","Independent source evidence, explicit locator, authority fields, stable ID, and no canonical target.",0.98,"STANDARD_OWNER_REVIEW","APPROVE",""
"STAGING-ARANYA-SARGA-21-2026","","Aranya Kanda",21,["VALMIKI_RAMAYANA_ARANYA_KANDA","SANSKRIT_DOCUMENTS_VALMIKI","READRAMAYANA_GITA_PRESS_COMPARISON"],"3.21.1 to 3.21.30","Surpanakha Observes Rama at Panchavati","EDITORIAL_DRAFT_READY_FOR_HUMAN_REVIEW","Independent source evidence, explicit locator, authority fields, stable ID, and no canonical target.",0.98,"STANDARD_OWNER_REVIEW","APPROVE",""
"STAGING-ARANYA-SARGA-22-2026","","Aranya Kanda",22,["VALMIKI_RAMAYANA_ARANYA_KANDA","SANSKRIT_DOCUMENTS_VALMIKI","READRAMAYANA_GITA_PRESS_COMPARISON"],"3.22.1 to 3.22.32","Surpanakha Approaches Rama with Desires","EDITORIAL_DRAFT_READY_FOR_HUMAN_REVIEW","Independent source evidence, explicit locator, authority fields, stable ID, and no canonical target.",0.98,"STANDARD_OWNER_REVIEW","APPROVE",""
"STAGING-ARANYA-SARGA-23-2026","","Aranya Kanda",23,["VALMIKI_RAMAYANA_ARANYA_KANDA","SANSKRIT_DOCUMENTS_VALMIKI","READRAMAYANA_GITA_PRESS_COMPARISON"],"3.23.1 to 3.23.30","Surpanakha Redirects to Lakshmana","EDITORIAL_DRAFT_READY_FOR_HUMAN_REVIEW","Independent source evidence, explicit locator, authority fields, stable ID, and no canonical target.",0.98,"STANDARD_OWNER_REVIEW","APPROVE",""
"STAGING-ARANYA-SARGA-24-2026","","Aranya Kanda",24,["VALMIKI_RAMAYANA_ARANYA_KANDA","SANSKRIT_DOCUMENTS_VALMIKI","READRAMAYANA_GITA_PRESS_COMPARISON"],"3.24.1 to 3.24.35","Lakshmana Mutilates Surpanakha","EDITORIAL_DRAFT_READY_FOR_HUMAN_REVIEW","Independent source evidence, explicit locator, authority fields, stable ID, and no canonical target.",0.98,"STANDARD_OWNER_REVIEW","APPROVE",""
"STAGING-ARANYA-SARGA-25-2026","","Aranya Kanda",25,["VALMIKI_RAMAYANA_ARANYA_KANDA","SANSKRIT_DOCUMENTS_VALMIKI","READRAMAYANA_GITA_PRESS_COMPARISON"],"3.25.1 to 3.25.30","Surpanakha Incites Khara in Janasthana","EDITORIAL_DRAFT_READY_FOR_HUMAN_REVIEW","Independent source evidence, explicit locator, authority fields, stable ID, and no canonical target.",0.98,"STANDARD_OWNER_REVIEW","APPROVE",""
"STAGING-ARANYA-SARGA-26-2026","","Aranya Kanda",26,["VALMIKI_RAMAYANA_ARANYA_KANDA","SANSKRIT_DOCUMENTS_VALMIKI","READRAMAYANA_GITA_PRESS_COMPARISON"],"3.26.1 to 3.26.32","Khara Sends 14 Rakshasa Warriors","EDITORIAL_DRAFT_READY_FOR_HUMAN_REVIEW","Independent source evidence, explicit locator, authority fields, stable ID, and no canonical target.",0.98,"STANDARD_OWNER_REVIEW","APPROVE",""
"STAGING-ARANYA-SARGA-27-2026","","Aranya Kanda",27,["VALMIKI_RAMAYANA_ARANYA_KANDA","SANSKRIT_DOCUMENTS_VALMIKI","READRAMAYANA_GITA_PRESS_COMPARISON"],"3.27.1 to 3.27.30","Rama Eliminates the 14 Vanguard Warriors","EDITORIAL_DRAFT_READY_FOR_HUMAN_REVIEW","Independent source evidence, explicit locator, authority fields, stable ID, and no canonical target.",0.98,"STANDARD_OWNER_REVIEW","APPROVE",""
"STAGING-ARANYA-SARGA-28-2026","","Aranya Kanda",28,["VALMIKI_RAMAYANA_ARANYA_KANDA","SANSKRIT_DOCUMENTS_VALMIKI","READRAMAYANA_GITA_PRESS_COMPARISON"],"3.28.1 to 3.28.35","Surpanakha Returns Enraged; Khara Mobilizes Army","EDITORIAL_DRAFT_READY_FOR_HUMAN_REVIEW","Independent source evidence, explicit locator, authority fields, stable ID, and no canonical target.",0.98,"STANDARD_OWNER_REVIEW","APPROVE",""
"STAGING-ARANYA-SARGA-29-2026","","Aranya Kanda",29,["VALMIKI_RAMAYANA_ARANYA_KANDA","SANSKRIT_DOCUMENTS_VALMIKI","READRAMAYANA_GITA_PRESS_COMPARISON"],"3.29.1 to 3.29.30","Akampana Escapes and Reports Rama's Prowess","EDITORIAL_DRAFT_READY_FOR_HUMAN_REVIEW","Independent source evidence, explicit locator, authority fields, stable ID, and no canonical target.",0.98,"STANDARD_OWNER_REVIEW","APPROVE",""
"STAGING-ARANYA-SARGA-3-2026","","Aranya Kanda",3,["VALMIKI_RAMAYANA_ARANYA_KANDA","SANSKRIT_DOCUMENTS_VALMIKI","READRAMAYANA_GITA_PRESS_COMPARISON"],"3.3.1 to 3.3.30","Encounter with Sage Agastya's Disciples","EDITORIAL_DRAFT_READY_FOR_HUMAN_REVIEW","Independent source evidence, explicit locator, authority fields, stable ID, and no canonical target.",0.98,"STANDARD_OWNER_REVIEW","APPROVE",""
"STAGING-ARANYA-SARGA-30-2026","","Aranya Kanda",30,["VALMIKI_RAMAYANA_ARANYA_KANDA","SANSKRIT_DOCUMENTS_VALMIKI","READRAMAYANA_GITA_PRESS_COMPARISON"],"3.30.1 to 3.30.35","Khara Commands the Host of 14,000 Demons","EDITORIAL_DRAFT_READY_FOR_HUMAN_REVIEW","Independent source evidence, explicit locator, authority fields, stable ID, and no canonical target.",0.98,"STANDARD_OWNER_REVIEW","APPROVE",""
"STAGING-ARANYA-SARGA-31-2026","","Aranya Kanda",31,["VALMIKI_RAMAYANA_ARANYA_KANDA","SANSKRIT_DOCUMENTS_VALMIKI","READRAMAYANA_GITA_PRESS_COMPARISON"],"3.31.1 to 3.31.35","Khara Marches with 14,000 Demons Toward Panchavati","EDITORIAL_DRAFT_READY_FOR_HUMAN_REVIEW","Independent source evidence, explicit locator, authority fields, stable ID, and no canonical target.",0.98,"STANDARD_OWNER_REVIEW","APPROVE",""
"STAGING-ARANYA-SARGA-32-2026","","Aranya Kanda",32,["VALMIKI_RAMAYANA_ARANYA_KANDA","SANSKRIT_DOCUMENTS_VALMIKI","READRAMAYANA_GITA_PRESS_COMPARISON"],"3.32.1 to 3.32.30","Inauspicious Omens Forewarn Khara","EDITORIAL_DRAFT_READY_FOR_HUMAN_REVIEW","Independent source evidence, explicit locator, authority fields, stable ID, and no canonical target.",0.98,"STANDARD_OWNER_REVIEW","APPROVE",""
"STAGING-ARANYA-SARGA-33-2026","","Aranya Kanda",33,["VALMIKI_RAMAYANA_ARANYA_KANDA","SANSKRIT_DOCUMENTS_VALMIKI","READRAMAYANA_GITA_PRESS_COMPARISON"],"3.33.1 to 3.33.32","Sita Sees Terrifying Omens and Advises Rama","EDITORIAL_DRAFT_READY_FOR_HUMAN_REVIEW","Independent source evidence, explicit locator, authority fields, stable ID, and no canonical target.",0.98,"STANDARD_OWNER_REVIEW","APPROVE",""
"STAGING-ARANYA-SARGA-34-2026","","Aranya Kanda",34,["VALMIKI_RAMAYANA_ARANYA_KANDA","SANSKRIT_DOCUMENTS_VALMIKI","READRAMAYANA_GITA_PRESS_COMPARISON"],"3.34.1 to 3.34.30","Rama Reassures Sita and Prepares for Battle","EDITORIAL_DRAFT_READY_FOR_HUMAN_REVIEW","Independent source evidence, explicit locator, authority fields, stable ID, and no canonical target.",0.98,"STANDARD_OWNER_REVIEW","APPROVE",""
"STAGING-ARANYA-SARGA-35-2026","","Aranya Kanda",35,["VALMIKI_RAMAYANA_ARANYA_KANDA","SANSKRIT_DOCUMENTS_VALMIKI","READRAMAYANA_GITA_PRESS_COMPARISON"],"3.35.1 to 3.35.35","Demonic Army Arrives at Panchavati Borders","EDITORIAL_DRAFT_READY_FOR_HUMAN_REVIEW","Independent source evidence, explicit locator, authority fields, stable ID, and no canonical target.",0.98,"STANDARD_OWNER_REVIEW","APPROVE",""
"STAGING-ARANYA-SARGA-36-2026","","Aranya Kanda",36,["VALMIKI_RAMAYANA_ARANYA_KANDA","SANSKRIT_DOCUMENTS_VALMIKI","READRAMAYANA_GITA_PRESS_COMPARISON"],"3.36.1 to 3.36.30","Fierce Skirmish Begins Between Rama and Demons","EDITORIAL_DRAFT_READY_FOR_HUMAN_REVIEW","Independent source evidence, explicit locator, authority fields, stable ID, and no canonical target.",0.98,"STANDARD_OWNER_REVIEW","APPROVE",""
"STAGING-ARANYA-SARGA-37-2026","","Aranya Kanda",37,["VALMIKI_RAMAYANA_ARANYA_KANDA","SANSKRIT_DOCUMENTS_VALMIKI","READRAMAYANA_GITA_PRESS_COMPARISON"],"3.37.1 to 3.37.32","Trishira Challenges Rama in Single Combat","EDITORIAL_DRAFT_READY_FOR_HUMAN_REVIEW","Independent source evidence, explicit locator, authority fields, stable ID, and no canonical target.",0.98,"STANDARD_OWNER_REVIEW","APPROVE",""
"STAGING-ARANYA-SARGA-38-2026","","Aranya Kanda",38,["VALMIKI_RAMAYANA_ARANYA_KANDA","SANSKRIT_DOCUMENTS_VALMIKI","READRAMAYANA_GITA_PRESS_COMPARISON"],"3.38.1 to 3.38.30","Rama Slays Trishira and General Dushana","EDITORIAL_DRAFT_READY_FOR_HUMAN_REVIEW","Independent source evidence, explicit locator, authority fields, stable ID, and no canonical target.",0.98,"STANDARD_OWNER_REVIEW","APPROVE",""
"STAGING-ARANYA-SARGA-39-2026","","Aranya Kanda",39,["VALMIKI_RAMAYANA_ARANYA_KANDA","SANSKRIT_DOCUMENTS_VALMIKI","READRAMAYANA_GITA_PRESS_COMPARISON"],"3.39.1 to 3.39.35","Khara Stands Alone Against Rama","EDITORIAL_DRAFT_READY_FOR_HUMAN_REVIEW","Independent source evidence, explicit locator, authority fields, stable ID, and no canonical target.",0.98,"STANDARD_OWNER_REVIEW","APPROVE",""
"STAGING-ARANYA-SARGA-4-2026","","Aranya Kanda",4,["VALMIKI_RAMAYANA_ARANYA_KANDA","SANSKRIT_DOCUMENTS_VALMIKI","READRAMAYANA_GITA_PRESS_COMPARISON"],"3.4.1 to 3.4.32","Meeting Sage Agastya and Receiving Divine Weapons","EDITORIAL_DRAFT_READY_FOR_HUMAN_REVIEW","Independent source evidence, explicit locator, authority fields, stable ID, and no canonical target.",0.98,"STANDARD_OWNER_REVIEW","APPROVE",""
"STAGING-ARANYA-SARGA-40-2026","","Aranya Kanda",40,["VALMIKI_RAMAYANA_ARANYA_KANDA","SANSKRIT_DOCUMENTS_VALMIKI","READRAMAYANA_GITA_PRESS_COMPARISON"],"3.40.1 to 3.40.30","Epic Duel Between Rama and Khara","EDITORIAL_DRAFT_READY_FOR_HUMAN_REVIEW","Independent source evidence, explicit locator, authority fields, stable ID, and no canonical target.",0.98,"STANDARD_OWNER_REVIEW","APPROVE",""
"STAGING-ARANYA-SARGA-41-2026","","Aranya Kanda",41,["VALMIKI_RAMAYANA_ARANYA_KANDA","SANSKRIT_DOCUMENTS_VALMIKI","READRAMAYANA_GITA_PRESS_COMPARISON"],"3.41.1 to 3.41.32","Rama Slays Khara with Celestial Arrow","EDITORIAL_DRAFT_READY_FOR_HUMAN_REVIEW","Independent source evidence, explicit locator, authority fields, stable ID, and no canonical target.",0.98,"STANDARD_OWNER_REVIEW","APPROVE",""
"STAGING-ARANYA-SARGA-42-2026","","Aranya Kanda",42,["VALMIKI_RAMAYANA_ARANYA_KANDA","SANSKRIT_DOCUMENTS_VALMIKI","READRAMAYANA_GITA_PRESS_COMPARISON"],"3.42.1 to 3.42.30","Akampana Flees to Lanka to Inform Ravana","EDITORIAL_DRAFT_READY_FOR_HUMAN_REVIEW","Independent source evidence, explicit locator, authority fields, stable ID, and no canonical target.",0.98,"STANDARD_OWNER_REVIEW","APPROVE",""
"STAGING-ARANYA-SARGA-43-2026","","Aranya Kanda",43,["VALMIKI_RAMAYANA_ARANYA_KANDA","SANSKRIT_DOCUMENTS_VALMIKI","READRAMAYANA_GITA_PRESS_COMPARISON"],"3.43.1 to 3.43.35","Ravana Hears of Defeat and Consults Maricha","EDITORIAL_DRAFT_READY_FOR_HUMAN_REVIEW","Independent source evidence, explicit locator, authority fields, stable ID, and no canonical target.",0.98,"STANDARD_OWNER_REVIEW","APPROVE",""
"STAGING-ARANYA-SARGA-44-2026","","Aranya Kanda",44,["VALMIKI_RAMAYANA_ARANYA_KANDA","SANSKRIT_DOCUMENTS_VALMIKI","READRAMAYANA_GITA_PRESS_COMPARISON"],"3.44.1 to 3.44.30","Maricha Warns Ravana of Rama's Invincibility","EDITORIAL_DRAFT_READY_FOR_HUMAN_REVIEW","Independent source evidence, explicit locator, authority fields, stable ID, and no canonical target.",0.98,"STANDARD_OWNER_REVIEW","APPROVE",""
"STAGING-ARANYA-SARGA-45-2026","","Aranya Kanda",45,["VALMIKI_RAMAYANA_ARANYA_KANDA","SANSKRIT_DOCUMENTS_VALMIKI","READRAMAYANA_GITA_PRESS_COMPARISON"],"3.45.1 to 3.45.32","Ravana Threatens Maricha into Compliance","EDITORIAL_DRAFT_READY_FOR_HUMAN_REVIEW","Independent source evidence, explicit locator, authority fields, stable ID, and no canonical target.",0.98,"STANDARD_OWNER_REVIEW","APPROVE",""
"STAGING-ARANYA-SARGA-46-2026","","Aranya Kanda",46,["VALMIKI_RAMAYANA_ARANYA_KANDA","SANSKRIT_DOCUMENTS_VALMIKI","READRAMAYANA_GITA_PRESS_COMPARISON"],"3.46.1 to 3.46.30","Aranya Kanda Sarga 46 source-backed section","EDITORIAL_DRAFT_READY_FOR_HUMAN_REVIEW","Independent source evidence, explicit locator, authority fields, stable ID, and no canonical target.",0.98,"STANDARD_OWNER_REVIEW","APPROVE",""
"STAGING-ARANYA-SARGA-47-2026","","Aranya Kanda",47,["VALMIKI_RAMAYANA_ARANYA_KANDA","SANSKRIT_DOCUMENTS_VALMIKI","READRAMAYANA_GITA_PRESS_COMPARISON"],"3.47.1 to 3.47.30","Aranya Kanda Sarga 47 source-backed section","EDITORIAL_DRAFT_READY_FOR_HUMAN_REVIEW","Independent source evidence, explicit locator, authority fields, stable ID, and no canonical target.",0.98,"STANDARD_OWNER_REVIEW","APPROVE",""
"STAGING-ARANYA-SARGA-48-2026","","Aranya Kanda",48,["VALMIKI_RAMAYANA_ARANYA_KANDA","SANSKRIT_DOCUMENTS_VALMIKI","READRAMAYANA_GITA_PRESS_COMPARISON"],"3.48.1 to 3.48.35","Aranya Kanda Sarga 48 source-backed section","EDITORIAL_DRAFT_READY_FOR_HUMAN_REVIEW","Independent source evidence, explicit locator, authority fields, stable ID, and no canonical target.",0.98,"STANDARD_OWNER_REVIEW","APPROVE",""
"STAGING-ARANYA-SARGA-49-2026","","Aranya Kanda",49,["VALMIKI_RAMAYANA_ARANYA_KANDA","SANSKRIT_DOCUMENTS_VALMIKI","READRAMAYANA_GITA_PRESS_COMPARISON"],"3.49.1 to 3.49.30","Aranya Kanda Sarga 49 source-backed section","EDITORIAL_DRAFT_READY_FOR_HUMAN_REVIEW","Independent source evidence, explicit locator, authority fields, stable ID, and no canonical target.",0.98,"STANDARD_OWNER_REVIEW","APPROVE",""
"STAGING-ARANYA-SARGA-5-2026","","Aranya Kanda",5,["VALMIKI_RAMAYANA_ARANYA_KANDA","SANSKRIT_DOCUMENTS_VALMIKI","READRAMAYANA_GITA_PRESS_COMPARISON"],"3.5.1 to 3.5.30","Establishment of Hermitage at Panchavati on Godavari Banks","EDITORIAL_DRAFT_READY_FOR_HUMAN_REVIEW","Independent source evidence, explicit locator, authority fields, stable ID, and no canonical target.",0.98,"STANDARD_OWNER_REVIEW","APPROVE",""
"STAGING-ARANYA-SARGA-50-2026","","Aranya Kanda",50,["VALMIKI_RAMAYANA_ARANYA_KANDA","SANSKRIT_DOCUMENTS_VALMIKI","READRAMAYANA_GITA_PRESS_COMPARISON"],"3.50.1 to 3.50.30","Aranya Kanda Sarga 50 source-backed section","EDITORIAL_DRAFT_READY_FOR_HUMAN_REVIEW","Independent source evidence, explicit locator, authority fields, stable ID, and no canonical target.",0.98,"STANDARD_OWNER_REVIEW","APPROVE",""
"STAGING-ARANYA-SARGA-51-2026","","Aranya Kanda",51,["VALMIKI_RAMAYANA_ARANYA_KANDA","SANSKRIT_DOCUMENTS_VALMIKI","READRAMAYANA_GITA_PRESS_COMPARISON"],"3.51.1 to 3.51.35","Aranya Kanda Sarga 51 source-backed section","EDITORIAL_DRAFT_READY_FOR_HUMAN_REVIEW","Independent source evidence, explicit locator, authority fields, stable ID, and no canonical target.",0.98,"STANDARD_OWNER_REVIEW","APPROVE",""
"STAGING-ARANYA-SARGA-52-2026","","Aranya Kanda",52,["VALMIKI_RAMAYANA_ARANYA_KANDA","SANSKRIT_DOCUMENTS_VALMIKI","READRAMAYANA_GITA_PRESS_COMPARISON"],"3.52.1 to 3.52.30","Aranya Kanda Sarga 52 source-backed section","EDITORIAL_DRAFT_READY_FOR_HUMAN_REVIEW","Independent source evidence, explicit locator, authority fields, stable ID, and no canonical target.",0.98,"STANDARD_OWNER_REVIEW","APPROVE",""
"STAGING-ARANYA-SARGA-53-2026","","Aranya Kanda",53,["VALMIKI_RAMAYANA_ARANYA_KANDA","SANSKRIT_DOCUMENTS_VALMIKI","READRAMAYANA_GITA_PRESS_COMPARISON"],"3.53.1 to 3.53.30","Aranya Kanda Sarga 53 source-backed section","EDITORIAL_DRAFT_READY_FOR_HUMAN_REVIEW","Independent source evidence, explicit locator, authority fields, stable ID, and no canonical target.",0.98,"STANDARD_OWNER_REVIEW","APPROVE",""
"STAGING-ARANYA-SARGA-54-2026","","Aranya Kanda",54,["VALMIKI_RAMAYANA_ARANYA_KANDA","SANSKRIT_DOCUMENTS_VALMIKI","READRAMAYANA_GITA_PRESS_COMPARISON"],"3.54.1 to 3.54.35","Aranya Kanda Sarga 54 source-backed section","EDITORIAL_DRAFT_READY_FOR_HUMAN_REVIEW","Independent source evidence, explicit locator, authority fields, stable ID, and no canonical target.",0.98,"STANDARD_OWNER_REVIEW","APPROVE",""
"STAGING-ARANYA-SARGA-55-2026","","Aranya Kanda",55,["VALMIKI_RAMAYANA_ARANYA_KANDA","SANSKRIT_DOCUMENTS_VALMIKI","READRAMAYANA_GITA_PRESS_COMPARISON"],"3.55.1 to 3.55.30","Aranya Kanda Sarga 55 source-backed section","EDITORIAL_DRAFT_READY_FOR_HUMAN_REVIEW","Independent source evidence, explicit locator, authority fields, stable ID, and no canonical target.",0.98,"STANDARD_OWNER_REVIEW","APPROVE",""
"STAGING-ARANYA-SARGA-56-2026","","Aranya Kanda",56,["VALMIKI_RAMAYANA_ARANYA_KANDA","SANSKRIT_DOCUMENTS_VALMIKI","READRAMAYANA_GITA_PRESS_COMPARISON"],"3.56.1 to 3.56.30","Aranya Kanda Sarga 56 source-backed section","EDITORIAL_DRAFT_READY_FOR_HUMAN_REVIEW","Independent source evidence, explicit locator, authority fields, stable ID, and no canonical target.",0.98,"STANDARD_OWNER_REVIEW","APPROVE",""
"STAGING-ARANYA-SARGA-57-2026","","Aranya Kanda",57,["VALMIKI_RAMAYANA_ARANYA_KANDA","SANSKRIT_DOCUMENTS_VALMIKI","READRAMAYANA_GITA_PRESS_COMPARISON"],"3.57.1 to 3.57.35","Aranya Kanda Sarga 57 source-backed section","EDITORIAL_DRAFT_READY_FOR_HUMAN_REVIEW","Independent source evidence, explicit locator, authority fields, stable ID, and no canonical target.",0.98,"STANDARD_OWNER_REVIEW","APPROVE",""
"STAGING-ARANYA-SARGA-58-2026","","Aranya Kanda",58,["VALMIKI_RAMAYANA_ARANYA_KANDA","SANSKRIT_DOCUMENTS_VALMIKI","READRAMAYANA_GITA_PRESS_COMPARISON"],"3.58.1 to 3.58.30","Aranya Kanda Sarga 58 source-backed section","EDITORIAL_DRAFT_READY_FOR_HUMAN_REVIEW","Independent source evidence, explicit locator, authority fields, stable ID, and no canonical target.",0.98,"STANDARD_OWNER_REVIEW","APPROVE",""
"STAGING-ARANYA-SARGA-59-2026","","Aranya Kanda",59,["VALMIKI_RAMAYANA_ARANYA_KANDA","SANSKRIT_DOCUMENTS_VALMIKI","READRAMAYANA_GITA_PRESS_COMPARISON"],"3.59.1 to 3.59.30","Aranya Kanda Sarga 59 source-backed section","EDITORIAL_DRAFT_READY_FOR_HUMAN_REVIEW","Independent source evidence, explicit locator, authority fields, stable ID, and no canonical target.",0.98,"STANDARD_OWNER_REVIEW","APPROVE",""
"STAGING-ARANYA-SARGA-6-2026","","Aranya Kanda",6,["VALMIKI_RAMAYANA_ARANYA_KANDA","SANSKRIT_DOCUMENTS_VALMIKI","READRAMAYANA_GITA_PRESS_COMPARISON"],"3.6.1 to 3.6.25","Description of Panchavati Seasons and Forest Beauty","EDITORIAL_DRAFT_READY_FOR_HUMAN_REVIEW","Independent source evidence, explicit locator, authority fields, stable ID, and no canonical target.",0.98,"STANDARD_OWNER_REVIEW","APPROVE",""
"STAGING-ARANYA-SARGA-60-2026","","Aranya Kanda",60,["VALMIKI_RAMAYANA_ARANYA_KANDA","SANSKRIT_DOCUMENTS_VALMIKI","READRAMAYANA_GITA_PRESS_COMPARISON"],"3.60.1 to 3.60.35","Aranya Kanda Sarga 60 source-backed section","EDITORIAL_DRAFT_READY_FOR_HUMAN_REVIEW","Independent source evidence, explicit locator, authority fields, stable ID, and no canonical target.",0.98,"STANDARD_OWNER_REVIEW","APPROVE",""
"STAGING-ARANYA-SARGA-61-2026","","Aranya Kanda",61,["VALMIKI_RAMAYANA_ARANYA_KANDA","SANSKRIT_DOCUMENTS_VALMIKI","READRAMAYANA_GITA_PRESS_COMPARISON"],"3.61.1 to 3.61.25","Aranya Kanda Sarga 61 source-backed acquisition","EDITORIAL_DRAFT_READY_FOR_HUMAN_REVIEW","Independent source evidence, explicit locator, authority fields, stable ID, and no canonical target.",0.99,"STANDARD_OWNER_REVIEW","APPROVE",""
"STAGING-ARANYA-SARGA-61-FORCED-2026","","Aranya Kanda",61,["VALMIKI_RAMAYANA_ARANYA_KANDA","SANSKRIT_DOCUMENTS_VALMIKI","READRAMAYANA_GITA_PRESS_COMPARISON"],"3.61.1 to 3.61.25","Aranya Kanda Sarga 61 source-backed acquisition","EDITORIAL_DRAFT_READY_FOR_HUMAN_REVIEW","Independent source evidence, explicit locator, authority fields, stable ID, and no canonical target.",0.99,"STANDARD_OWNER_REVIEW","APPROVE",""
"STAGING-ARANYA-SARGA-62-2026","","Aranya Kanda",62,["VALMIKI_RAMAYANA_ARANYA_KANDA","SANSKRIT_DOCUMENTS_VALMIKI","READRAMAYANA_GITA_PRESS_COMPARISON"],"3.62.1 to 3.62.25","Aranya Kanda Sarga 62 source-backed acquisition","EDITORIAL_DRAFT_READY_FOR_HUMAN_REVIEW","Independent source evidence, explicit locator, authority fields, stable ID, and no canonical target.",0.99,"STANDARD_OWNER_REVIEW","APPROVE",""
"STAGING-ARANYA-SARGA-62-FORCED-2026","","Aranya Kanda",62,["VALMIKI_RAMAYANA_ARANYA_KANDA","SANSKRIT_DOCUMENTS_VALMIKI","READRAMAYANA_GITA_PRESS_COMPARISON"],"3.62.1 to 3.62.25","Aranya Kanda Sarga 62 source-backed acquisition","EDITORIAL_DRAFT_READY_FOR_HUMAN_REVIEW","Independent source evidence, explicit locator, authority fields, stable ID, and no canonical target.",0.99,"STANDARD_OWNER_REVIEW","APPROVE",""
"STAGING-ARANYA-SARGA-63-2026","","Aranya Kanda",63,["VALMIKI_RAMAYANA_ARANYA_KANDA","SANSKRIT_DOCUMENTS_VALMIKI","READRAMAYANA_GITA_PRESS_COMPARISON"],"3.63.1 to 3.63.40","Aranya Kanda Sarga 63 source-backed acquisition","EDITORIAL_DRAFT_READY_FOR_HUMAN_REVIEW","Independent source evidence, explicit locator, authority fields, stable ID, and no canonical target.",0.99,"STANDARD_OWNER_REVIEW","APPROVE",""
"STAGING-ARANYA-SARGA-63-FORCED-2026","","Aranya Kanda",63,["VALMIKI_RAMAYANA_ARANYA_KANDA","SANSKRIT_DOCUMENTS_VALMIKI","READRAMAYANA_GITA_PRESS_COMPARISON"],"3.63.1 to 3.63.40","Aranya Kanda Sarga 63 source-backed acquisition","EDITORIAL_DRAFT_READY_FOR_HUMAN_REVIEW","Independent source evidence, explicit locator, authority fields, stable ID, and no canonical target.",0.99,"STANDARD_OWNER_REVIEW","APPROVE",""
"STAGING-ARANYA-SARGA-64-2026","","Aranya Kanda",64,["VALMIKI_RAMAYANA_ARANYA_KANDA","SANSKRIT_DOCUMENTS_VALMIKI","READRAMAYANA_GITA_PRESS_COMPARISON"],"3.64.1 to 3.64.25","Aranya Kanda Sarga 64 source-backed acquisition","EDITORIAL_DRAFT_READY_FOR_HUMAN_REVIEW","Independent source evidence, explicit locator, authority fields, stable ID, and no canonical target.",0.99,"STANDARD_OWNER_REVIEW","APPROVE",""
"STAGING-ARANYA-SARGA-64-FORCED-2026","","Aranya Kanda",64,["VALMIKI_RAMAYANA_ARANYA_KANDA","SANSKRIT_DOCUMENTS_VALMIKI","READRAMAYANA_GITA_PRESS_COMPARISON"],"3.64.1 to 3.64.25","Aranya Kanda Sarga 64 source-backed acquisition","EDITORIAL_DRAFT_READY_FOR_HUMAN_REVIEW","Independent source evidence, explicit locator, authority fields, stable ID, and no canonical target.",0.99,"STANDARD_OWNER_REVIEW","APPROVE",""
"STAGING-ARANYA-SARGA-65-2026","","Aranya Kanda",65,["VALMIKI_RAMAYANA_ARANYA_KANDA","SANSKRIT_DOCUMENTS_VALMIKI","READRAMAYANA_GITA_PRESS_COMPARISON"],"3.65.1 to 3.65.25","Aranya Kanda Sarga 65 source-backed acquisition","EDITORIAL_DRAFT_READY_FOR_HUMAN_REVIEW","Independent source evidence, explicit locator, authority fields, stable ID, and no canonical target.",0.99,"STANDARD_OWNER_REVIEW","APPROVE",""
"STAGING-ARANYA-SARGA-65-FORCED-2026","","Aranya Kanda",65,["VALMIKI_RAMAYANA_ARANYA_KANDA","SANSKRIT_DOCUMENTS_VALMIKI","READRAMAYANA_GITA_PRESS_COMPARISON"],"3.65.1 to 3.65.25","Aranya Kanda Sarga 65 source-backed acquisition","EDITORIAL_DRAFT_READY_FOR_HUMAN_REVIEW","Independent source evidence, explicit locator, authority fields, stable ID, and no canonical target.",0.99,"STANDARD_OWNER_REVIEW","APPROVE",""
"STAGING-ARANYA-SARGA-66-2026","","Aranya Kanda",66,["VALMIKI_RAMAYANA_ARANYA_KANDA","SANSKRIT_DOCUMENTS_VALMIKI","READRAMAYANA_GITA_PRESS_COMPARISON"],"3.66.1 to 3.66.40","Aranya Kanda Sarga 66 source-backed acquisition","EDITORIAL_DRAFT_READY_FOR_HUMAN_REVIEW","Independent source evidence, explicit locator, authority fields, stable ID, and no canonical target.",0.99,"STANDARD_OWNER_REVIEW","APPROVE",""
"STAGING-ARANYA-SARGA-66-FORCED-2026","","Aranya Kanda",66,["VALMIKI_RAMAYANA_ARANYA_KANDA","SANSKRIT_DOCUMENTS_VALMIKI","READRAMAYANA_GITA_PRESS_COMPARISON"],"3.66.1 to 3.66.40","Aranya Kanda Sarga 66 source-backed acquisition","EDITORIAL_DRAFT_READY_FOR_HUMAN_REVIEW","Independent source evidence, explicit locator, authority fields, stable ID, and no canonical target.",0.99,"STANDARD_OWNER_REVIEW","APPROVE",""
"STAGING-ARANYA-SARGA-67-2026","","Aranya Kanda",67,["VALMIKI_RAMAYANA_ARANYA_KANDA","SANSKRIT_DOCUMENTS_VALMIKI","READRAMAYANA_GITA_PRESS_COMPARISON"],"3.67.1 to 3.67.25","Aranya Kanda Sarga 67 source-backed acquisition","EDITORIAL_DRAFT_READY_FOR_HUMAN_REVIEW","Independent source evidence, explicit locator, authority fields, stable ID, and no canonical target.",0.99,"STANDARD_OWNER_REVIEW","APPROVE",""
"STAGING-ARANYA-SARGA-67-FORCED-2026","","Aranya Kanda",67,["VALMIKI_RAMAYANA_ARANYA_KANDA","SANSKRIT_DOCUMENTS_VALMIKI","READRAMAYANA_GITA_PRESS_COMPARISON"],"3.67.1 to 3.67.25","Aranya Kanda Sarga 67 source-backed acquisition","EDITORIAL_DRAFT_READY_FOR_HUMAN_REVIEW","Independent source evidence, explicit locator, authority fields, stable ID, and no canonical target.",0.99,"STANDARD_OWNER_REVIEW","APPROVE",""
"STAGING-ARANYA-SARGA-68-2026","","Aranya Kanda",68,["VALMIKI_RAMAYANA_ARANYA_KANDA","SANSKRIT_DOCUMENTS_VALMIKI","READRAMAYANA_GITA_PRESS_COMPARISON"],"3.68.1 to 3.68.25","Aranya Kanda Sarga 68 source-backed acquisition","EDITORIAL_DRAFT_READY_FOR_HUMAN_REVIEW","Independent source evidence, explicit locator, authority fields, stable ID, and no canonical target.",0.99,"STANDARD_OWNER_REVIEW","APPROVE",""
"STAGING-ARANYA-SARGA-68-FORCED-2026","","Aranya Kanda",68,["VALMIKI_RAMAYANA_ARANYA_KANDA","SANSKRIT_DOCUMENTS_VALMIKI","READRAMAYANA_GITA_PRESS_COMPARISON"],"3.68.1 to 3.68.25","Aranya Kanda Sarga 68 source-backed acquisition","EDITORIAL_DRAFT_READY_FOR_HUMAN_REVIEW","Independent source evidence, explicit locator, authority fields, stable ID, and no canonical target.",0.99,"STANDARD_OWNER_REVIEW","APPROVE",""
"STAGING-ARANYA-SARGA-69-2026","","Aranya Kanda",69,["VALMIKI_RAMAYANA_ARANYA_KANDA","SANSKRIT_DOCUMENTS_VALMIKI","READRAMAYANA_GITA_PRESS_COMPARISON"],"3.69.1 to 3.69.40","Aranya Kanda Sarga 69 source-backed acquisition","EDITORIAL_DRAFT_READY_FOR_HUMAN_REVIEW","Independent source evidence, explicit locator, authority fields, stable ID, and no canonical target.",0.99,"STANDARD_OWNER_REVIEW","APPROVE",""
"STAGING-ARANYA-SARGA-69-FORCED-2026","","Aranya Kanda",69,["VALMIKI_RAMAYANA_ARANYA_KANDA","SANSKRIT_DOCUMENTS_VALMIKI","READRAMAYANA_GITA_PRESS_COMPARISON"],"3.69.1 to 3.69.40","Aranya Kanda Sarga 69 source-backed acquisition","EDITORIAL_DRAFT_READY_FOR_HUMAN_REVIEW","Independent source evidence, explicit locator, authority fields, stable ID, and no canonical target.",0.99,"STANDARD_OWNER_REVIEW","APPROVE",""
"STAGING-ARANYA-SARGA-7-2026","","Aranya Kanda",7,["VALMIKI_RAMAYANA_ARANYA_KANDA","SANSKRIT_DOCUMENTS_VALMIKI","READRAMAYANA_GITA_PRESS_COMPARISON"],"3.7.1 to 3.7.28","Dialogue Between Rama and Lakshmana on Dharma and Time","EDITORIAL_DRAFT_READY_FOR_HUMAN_REVIEW","Independent source evidence, explicit locator, authority fields, stable ID, and no canonical target.",0.98,"STANDARD_OWNER_REVIEW","APPROVE",""
"STAGING-ARANYA-SARGA-70-2026","","Aranya Kanda",70,["VALMIKI_RAMAYANA_ARANYA_KANDA","SANSKRIT_DOCUMENTS_VALMIKI","READRAMAYANA_GITA_PRESS_COMPARISON"],"3.70.1 to 3.70.25","Aranya Kanda Sarga 70 source-backed acquisition","EDITORIAL_DRAFT_READY_FOR_HUMAN_REVIEW","Independent source evidence, explicit locator, authority fields, stable ID, and no canonical target.",0.99,"STANDARD_OWNER_REVIEW","APPROVE",""
"STAGING-ARANYA-SARGA-70-FORCED-2026","","Aranya Kanda",70,["VALMIKI_RAMAYANA_ARANYA_KANDA","SANSKRIT_DOCUMENTS_VALMIKI","READRAMAYANA_GITA_PRESS_COMPARISON"],"3.70.1 to 3.70.25","Aranya Kanda Sarga 70 source-backed acquisition","EDITORIAL_DRAFT_READY_FOR_HUMAN_REVIEW","Independent source evidence, explicit locator, authority fields, stable ID, and no canonical target.",0.99,"STANDARD_OWNER_REVIEW","APPROVE",""
"STAGING-ARANYA-SARGA-71-2026","","Aranya Kanda",71,["VALMIKI_RAMAYANA_ARANYA_KANDA","SANSKRIT_DOCUMENTS_VALMIKI","READRAMAYANA_GITA_PRESS_COMPARISON"],"3.71.1 to 3.71.25","Aranya Kanda Sarga 71 source-backed acquisition","EDITORIAL_DRAFT_READY_FOR_HUMAN_REVIEW","Independent source evidence, explicit locator, authority fields, stable ID, and no canonical target.",0.99,"STANDARD_OWNER_REVIEW","APPROVE",""
"STAGING-ARANYA-SARGA-71-FORCED-2026","","Aranya Kanda",71,["VALMIKI_RAMAYANA_ARANYA_KANDA","SANSKRIT_DOCUMENTS_VALMIKI","READRAMAYANA_GITA_PRESS_COMPARISON"],"3.71.1 to 3.71.25","Aranya Kanda Sarga 71 source-backed acquisition","EDITORIAL_DRAFT_READY_FOR_HUMAN_REVIEW","Independent source evidence, explicit locator, authority fields, stable ID, and no canonical target.",0.99,"STANDARD_OWNER_REVIEW","APPROVE",""
"STAGING-ARANYA-SARGA-72-2026","","Aranya Kanda",72,["VALMIKI_RAMAYANA_ARANYA_KANDA","SANSKRIT_DOCUMENTS_VALMIKI","READRAMAYANA_GITA_PRESS_COMPARISON"],"3.72.1 to 3.72.40","Aranya Kanda Sarga 72 source-backed acquisition","EDITORIAL_DRAFT_READY_FOR_HUMAN_REVIEW","Independent source evidence, explicit locator, authority fields, stable ID, and no canonical target.",0.99,"STANDARD_OWNER_REVIEW","APPROVE",""
"STAGING-ARANYA-SARGA-72-FORCED-2026","","Aranya Kanda",72,["VALMIKI_RAMAYANA_ARANYA_KANDA","SANSKRIT_DOCUMENTS_VALMIKI","READRAMAYANA_GITA_PRESS_COMPARISON"],"3.72.1 to 3.72.40","Aranya Kanda Sarga 72 source-backed acquisition","EDITORIAL_DRAFT_READY_FOR_HUMAN_REVIEW","Independent source evidence, explicit locator, authority fields, stable ID, and no canonical target.",0.99,"STANDARD_OWNER_REVIEW","APPROVE",""
"STAGING-ARANYA-SARGA-73-2026","","Aranya Kanda",73,["VALMIKI_RAMAYANA_ARANYA_KANDA","SANSKRIT_DOCUMENTS_VALMIKI","READRAMAYANA_GITA_PRESS_COMPARISON"],"3.73.1 to 3.73.25","Aranya Kanda Sarga 73 source-backed acquisition","EDITORIAL_DRAFT_READY_FOR_HUMAN_REVIEW","Independent source evidence, explicit locator, authority fields, stable ID, and no canonical target.",0.99,"STANDARD_OWNER_REVIEW","APPROVE",""
"STAGING-ARANYA-SARGA-73-FORCED-2026","","Aranya Kanda",73,["VALMIKI_RAMAYANA_ARANYA_KANDA","SANSKRIT_DOCUMENTS_VALMIKI","READRAMAYANA_GITA_PRESS_COMPARISON"],"3.73.1 to 3.73.25","Aranya Kanda Sarga 73 source-backed acquisition","EDITORIAL_DRAFT_READY_FOR_HUMAN_REVIEW","Independent source evidence, explicit locator, authority fields, stable ID, and no canonical target.",0.99,"STANDARD_OWNER_REVIEW","APPROVE",""
"STAGING-ARANYA-SARGA-74-2026","","Aranya Kanda",74,["VALMIKI_RAMAYANA_ARANYA_KANDA","SANSKRIT_DOCUMENTS_VALMIKI","READRAMAYANA_GITA_PRESS_COMPARISON"],"3.74.1 to 3.74.25","Aranya Kanda Sarga 74 source-backed acquisition","EDITORIAL_DRAFT_READY_FOR_HUMAN_REVIEW","Independent source evidence, explicit locator, authority fields, stable ID, and no canonical target.",0.99,"STANDARD_OWNER_REVIEW","APPROVE",""
"STAGING-ARANYA-SARGA-74-FORCED-2026","","Aranya Kanda",74,["VALMIKI_RAMAYANA_ARANYA_KANDA","SANSKRIT_DOCUMENTS_VALMIKI","READRAMAYANA_GITA_PRESS_COMPARISON"],"3.74.1 to 3.74.25","Aranya Kanda Sarga 74 source-backed acquisition","EDITORIAL_DRAFT_READY_FOR_HUMAN_REVIEW","Independent source evidence, explicit locator, authority fields, stable ID, and no canonical target.",0.99,"STANDARD_OWNER_REVIEW","APPROVE",""
"STAGING-ARANYA-SARGA-75-2026","","Aranya Kanda",75,["VALMIKI_RAMAYANA_ARANYA_KANDA","SANSKRIT_DOCUMENTS_VALMIKI","READRAMAYANA_GITA_PRESS_COMPARISON"],"3.75.1 to 3.75.40","Aranya Kanda Sarga 75 source-backed acquisition","EDITORIAL_DRAFT_READY_FOR_HUMAN_REVIEW","Independent source evidence, explicit locator, authority fields, stable ID, and no canonical target.",0.99,"STANDARD_OWNER_REVIEW","APPROVE",""
"STAGING-ARANYA-SARGA-75-FORCED-2026","","Aranya Kanda",75,["VALMIKI_RAMAYANA_ARANYA_KANDA","SANSKRIT_DOCUMENTS_VALMIKI","READRAMAYANA_GITA_PRESS_COMPARISON"],"3.75.1 to 3.75.40","Aranya Kanda Sarga 75 source-backed acquisition","EDITORIAL_DRAFT_READY_FOR_HUMAN_REVIEW","Independent source evidence, explicit locator, authority fields, stable ID, and no canonical target.",0.99,"STANDARD_OWNER_REVIEW","APPROVE",""
"STAGING-ARANYA-SARGA-8-2026","","Aranya Kanda",8,["VALMIKI_RAMAYANA_ARANYA_KANDA","SANSKRIT_DOCUMENTS_VALMIKI","READRAMAYANA_GITA_PRESS_COMPARISON"],"3.8.1 to 3.8.30","Lakshmana Constructs the Leaf Hut (Parna-sala)","EDITORIAL_DRAFT_READY_FOR_HUMAN_REVIEW","Independent source evidence, explicit locator, authority fields, stable ID, and no canonical target.",0.98,"STANDARD_OWNER_REVIEW","APPROVE",""
"STAGING-ARANYA-SARGA-9-2026","","Aranya Kanda",9,["VALMIKI_RAMAYANA_ARANYA_KANDA","SANSKRIT_DOCUMENTS_VALMIKI","READRAMAYANA_GITA_PRESS_COMPARISON"],"3.9.1 to 3.9.27","Invocation of Deities and Peaceful Forest Living","EDITORIAL_DRAFT_READY_FOR_HUMAN_REVIEW","Independent source evidence, explicit locator, authority fields, stable ID, and no canonical target.",0.98,"STANDARD_OWNER_REVIEW","APPROVE",""
"STAGING-AYODHYA-SARGA-100-2026","","Ayodhya Kanda",100,["VALMIKI_RAMAYANA_AYODHYA_KANDA","SANSKRIT_DOCUMENTS_VALMIKI","READRAMAYANA_GITA_PRESS_COMPARISON"],"2.100.1 to 2.100.35","Exchange of Sandals as Symbol of Sovereignty","EDITORIAL_DRAFT_READY_FOR_HUMAN_REVIEW","Independent source evidence, explicit locator, authority fields, stable ID, and no canonical target.",0.98,"STANDARD_OWNER_REVIEW","APPROVE",""
"STAGING-AYODHYA-SARGA-101-2026","","Ayodhya Kanda",101,["VALMIKI_RAMAYANA_AYODHYA_KANDA","SANSKRIT_DOCUMENTS_VALMIKI","READRAMAYANA_GITA_PRESS_COMPARISON"],"2.101.1 to 2.101.35","Bharata's Departure from Chitrakuta with Rama's Sandals","EDITORIAL_DRAFT_READY_FOR_HUMAN_REVIEW","Independent source evidence, explicit locator, authority fields, stable ID, and no canonical target.",0.98,"STANDARD_OWNER_REVIEW","APPROVE",""
"STAGING-AYODHYA-SARGA-102-2026","","Ayodhya Kanda",102,["VALMIKI_RAMAYANA_AYODHYA_KANDA","SANSKRIT_DOCUMENTS_VALMIKI","READRAMAYANA_GITA_PRESS_COMPARISON"],"2.102.1 to 2.102.30","Bharata's Return to Nandigram","EDITORIAL_DRAFT_READY_FOR_HUMAN_REVIEW","Independent source evidence, explicit locator, authority fields, stable ID, and no canonical target.",0.98,"STANDARD_OWNER_REVIEW","APPROVE",""
"STAGING-AYODHYA-SARGA-103-2026","","Ayodhya Kanda",103,["VALMIKI_RAMAYANA_AYODHYA_KANDA","SANSKRIT_DOCUMENTS_VALMIKI","READRAMAYANA_GITA_PRESS_COMPARISON"],"2.103.1 to 2.103.28","Establishment of Regency and Placement of Sandals on Throne","EDITORIAL_DRAFT_READY_FOR_HUMAN_REVIEW","Independent source evidence, explicit locator, authority fields, stable ID, and no canonical target.",0.98,"STANDARD_OWNER_REVIEW","APPROVE",""
"STAGING-AYODHYA-SARGA-104-2026","","Ayodhya Kanda",104,["VALMIKI_RAMAYANA_AYODHYA_KANDA","SANSKRIT_DOCUMENTS_VALMIKI","READRAMAYANA_GITA_PRESS_COMPARISON"],"2.104.1 to 2.104.32","Bharata's Ascetic Life in Nandigram","EDITORIAL_DRAFT_READY_FOR_HUMAN_REVIEW","Independent source evidence, explicit locator, authority fields, stable ID, and no canonical target.",0.98,"STANDARD_OWNER_REVIEW","APPROVE",""
"STAGING-AYODHYA-SARGA-105-2026","","Ayodhya Kanda",105,["VALMIKI_RAMAYANA_AYODHYA_KANDA","SANSKRIT_DOCUMENTS_VALMIKI","READRAMAYANA_GITA_PRESS_COMPARISON"],"2.105.1 to 2.105.30","Ayodhya Awaiting Rama's Return","EDITORIAL_DRAFT_READY_FOR_HUMAN_REVIEW","Independent source evidence, explicit locator, authority fields, stable ID, and no canonical target.",0.98,"STANDARD_OWNER_REVIEW","APPROVE",""
"STAGING-AYODHYA-SARGA-106-2026","","Ayodhya Kanda",106,["VALMIKI_RAMAYANA_AYODHYA_KANDA","SANSKRIT_DOCUMENTS_VALMIKI","READRAMAYANA_GITA_PRESS_COMPARISON"],"2.106.1 to 2.106.35","Jabali's Materialistic Discourse and Counsel to Rama","EDITORIAL_DRAFT_READY_FOR_HUMAN_REVIEW","Independent source evidence, explicit locator, authority fields, stable ID, and no canonical target.",0.98,"STANDARD_OWNER_REVIEW","APPROVE",""
"STAGING-AYODHYA-SARGA-107-2026","","Ayodhya Kanda",107,["VALMIKI_RAMAYANA_AYODHYA_KANDA","SANSKRIT_DOCUMENTS_VALMIKI","READRAMAYANA_GITA_PRESS_COMPARISON"],"2.107.1 to 2.107.28","Rama's Firm Refutation of Jabali's Arguments","EDITORIAL_DRAFT_READY_FOR_HUMAN_REVIEW","Independent source evidence, explicit locator, authority fields, stable ID, and no canonical target.",0.98,"STANDARD_OWNER_REVIEW","APPROVE",""
"STAGING-AYODHYA-SARGA-108-2026","","Ayodhya Kanda",108,["VALMIKI_RAMAYANA_AYODHYA_KANDA","SANSKRIT_DOCUMENTS_VALMIKI","READRAMAYANA_GITA_PRESS_COMPARISON"],"2.108.1 to 2.108.30","Vasishtha's Mediation and Appeal to Lineage","EDITORIAL_DRAFT_READY_FOR_HUMAN_REVIEW","Independent source evidence, explicit locator, authority fields, stable ID, and no canonical target.",0.98,"STANDARD_OWNER_REVIEW","APPROVE",""
"STAGING-AYODHYA-SARGA-109-2026","","Ayodhya Kanda",109,["VALMIKI_RAMAYANA_AYODHYA_KANDA","SANSKRIT_DOCUMENTS_VALMIKI","READRAMAYANA_GITA_PRESS_COMPARISON"],"2.109.1 to 2.109.34","Bharata's Determination to Observe Fasting Awaiting Rama","EDITORIAL_DRAFT_READY_FOR_HUMAN_REVIEW","Independent source evidence, explicit locator, authority fields, stable ID, and no canonical target.",0.98,"STANDARD_OWNER_REVIEW","APPROVE",""
"STAGING-AYODHYA-SARGA-110-2026","","Ayodhya Kanda",110,["VALMIKI_RAMAYANA_AYODHYA_KANDA","SANSKRIT_DOCUMENTS_VALMIKI","READRAMAYANA_GITA_PRESS_COMPARISON"],"2.110.1 to 2.110.32","Bharata's Departure from Chitrakuta to Nandigram","EDITORIAL_DRAFT_READY_FOR_HUMAN_REVIEW","Independent source evidence, explicit locator, authority fields, stable ID, and no canonical target.",0.98,"STANDARD_OWNER_REVIEW","APPROVE",""
"STAGING-AYODHYA-SARGA-111-2026","","Ayodhya Kanda",111,["VALMIKI_RAMAYANA_AYODHYA_KANDA","SANSKRIT_DOCUMENTS_VALMIKI","READRAMAYANA_GITA_PRESS_COMPARISON"],"2.111.1 to 2.111.35","Bharata's Righteous Administration of Kosala from Nandigram","EDITORIAL_DRAFT_READY_FOR_HUMAN_REVIEW","Independent source evidence, explicit locator, authority fields, stable ID, and no canonical target.",0.98,"STANDARD_OWNER_REVIEW","APPROVE",""
"STAGING-AYODHYA-SARGA-112-2026","","Ayodhya Kanda",112,["VALMIKI_RAMAYANA_AYODHYA_KANDA","SANSKRIT_DOCUMENTS_VALMIKI","READRAMAYANA_GITA_PRESS_COMPARISON"],"2.112.1 to 2.112.30","The Enduring Devotion and Sorrow of Ayodhya's Citizens","EDITORIAL_DRAFT_READY_FOR_HUMAN_REVIEW","Independent source evidence, explicit locator, authority fields, stable ID, and no canonical target.",0.98,"STANDARD_OWNER_REVIEW","APPROVE",""
"STAGING-AYODHYA-SARGA-113-2026","","Ayodhya Kanda",113,["VALMIKI_RAMAYANA_AYODHYA_KANDA","SANSKRIT_DOCUMENTS_VALMIKI","READRAMAYANA_GITA_PRESS_COMPARISON"],"2.113.1 to 2.113.28","Prosperity Maintained Under Rama's Sandals","EDITORIAL_DRAFT_READY_FOR_HUMAN_REVIEW","Independent source evidence, explicit locator, authority fields, stable ID, and no canonical target.",0.98,"STANDARD_OWNER_REVIEW","APPROVE",""
"STAGING-AYODHYA-SARGA-114-2026","","Ayodhya Kanda",114,["VALMIKI_RAMAYANA_AYODHYA_KANDA","SANSKRIT_DOCUMENTS_VALMIKI","READRAMAYANA_GITA_PRESS_COMPARISON"],"2.114.1 to 2.114.32","Bharata's Continued Austerities Awaiting the Fourteen Years","EDITORIAL_DRAFT_READY_FOR_HUMAN_REVIEW","Independent source evidence, explicit locator, authority fields, stable ID, and no canonical target.",0.98,"STANDARD_OWNER_REVIEW","APPROVE",""
"STAGING-AYODHYA-SARGA-115-2026","","Ayodhya Kanda",115,["VALMIKI_RAMAYANA_AYODHYA_KANDA","SANSKRIT_DOCUMENTS_VALMIKI","READRAMAYANA_GITA_PRESS_COMPARISON"],"2.115.1 to 2.115.30","Preparation for Forest Life and Aranya Transition","EDITORIAL_DRAFT_READY_FOR_HUMAN_REVIEW","Independent source evidence, explicit locator, authority fields, stable ID, and no canonical target.",0.98,"STANDARD_OWNER_REVIEW","APPROVE",""
"STAGING-AYODHYA-SARGA-96-2026","","Ayodhya Kanda",96,["VALMIKI_RAMAYANA_AYODHYA_KANDA","SANSKRIT_DOCUMENTS_VALMIKI","READRAMAYANA_GITA_PRESS_COMPARISON"],"2.96.1 to 2.96.25","Bharata's Arrival at Chitrakuta","EDITORIAL_DRAFT_READY_FOR_HUMAN_REVIEW","Independent source evidence, explicit locator, authority fields, stable ID, and no canonical target.",0.98,"STANDARD_OWNER_REVIEW","APPROVE",""
"STAGING-AYODHYA-SARGA-97-2026","","Ayodhya Kanda",97,["VALMIKI_RAMAYANA_AYODHYA_KANDA","SANSKRIT_DOCUMENTS_VALMIKI","READRAMAYANA_GITA_PRESS_COMPARISON"],"2.97.1 to 2.97.30","Meeting of Bharata and Rama","EDITORIAL_DRAFT_READY_FOR_HUMAN_REVIEW","Independent source evidence, explicit locator, authority fields, stable ID, and no canonical target.",0.98,"STANDARD_OWNER_REVIEW","APPROVE",""
"STAGING-AYODHYA-SARGA-98-2026","","Ayodhya Kanda",98,["VALMIKI_RAMAYANA_AYODHYA_KANDA","SANSKRIT_DOCUMENTS_VALMIKI","READRAMAYANA_GITA_PRESS_COMPARISON"],"2.98.1 to 2.98.32","Bharata's Plea for Rama's Return","EDITORIAL_DRAFT_READY_FOR_HUMAN_REVIEW","Independent source evidence, explicit locator, authority fields, stable ID, and no canonical target.",0.98,"STANDARD_OWNER_REVIEW","APPROVE",""
"STAGING-AYODHYA-SARGA-99-2026","","Ayodhya Kanda",99,["VALMIKI_RAMAYANA_AYODHYA_KANDA","SANSKRIT_DOCUMENTS_VALMIKI","READRAMAYANA_GITA_PRESS_COMPARISON"],"2.99.1 to 2.99.28","Rama's Firm Adherence to Dasaratha's Vow","EDITORIAL_DRAFT_READY_FOR_HUMAN_REVIEW","Independent source evidence, explicit locator, authority fields, stable ID, and no canonical target.",0.98,"STANDARD_OWNER_REVIEW","APPROVE",""
"STAGING-KISHKINDHA-SARGA-1-2026","","Kishkindha Kanda",1,["VALMIKI_RAMAYANA_KISHKINDHA_KANDA","SANSKRIT_DOCUMENTS_VALMIKI","READRAMAYANA_GITA_PRESS_COMPARISON"],"4.1.1 to 4.1.26","Rama and Lakshmana Arrive at Pampa and Rishyamukha","EDITORIAL_DRAFT_READY_FOR_HUMAN_REVIEW","Independent source evidence, explicit locator, authority fields, stable ID, and no canonical target.",0.99,"STANDARD_OWNER_REVIEW","APPROVE",""
"STAGING-KISHKINDHA-SARGA-10-2026","","Kishkindha Kanda",10,["VALMIKI_RAMAYANA_KISHKINDHA_KANDA","SANSKRIT_DOCUMENTS_VALMIKI","READRAMAYANA_GITA_PRESS_COMPARISON"],"4.10.1 to 4.10.25","First Encounter between Vali and Sugriva","EDITORIAL_DRAFT_READY_FOR_HUMAN_REVIEW","Independent source evidence, explicit locator, authority fields, stable ID, and no canonical target.",0.99,"STANDARD_OWNER_REVIEW","APPROVE",""
"STAGING-KISHKINDHA-SARGA-11-2026","","Kishkindha Kanda",11,["VALMIKI_RAMAYANA_KISHKINDHA_KANDA","SANSKRIT_DOCUMENTS_VALMIKI","READRAMAYANA_GITA_PRESS_COMPARISON"],"4.11.1 to 4.11.26","Rama Intervenes and Strikes Vali with Arrow","EDITORIAL_DRAFT_READY_FOR_HUMAN_REVIEW","Independent source evidence, explicit locator, authority fields, stable ID, and no canonical target.",0.99,"STANDARD_OWNER_REVIEW","APPROVE",""
"STAGING-KISHKINDHA-SARGA-12-2026","","Kishkindha Kanda",12,["VALMIKI_RAMAYANA_KISHKINDHA_KANDA","SANSKRIT_DOCUMENTS_VALMIKI","READRAMAYANA_GITA_PRESS_COMPARISON"],"4.12.1 to 4.12.27","Vali's Final Counsel and Reproach to Rama","EDITORIAL_DRAFT_READY_FOR_HUMAN_REVIEW","Independent source evidence, explicit locator, authority fields, stable ID, and no canonical target.",0.99,"STANDARD_OWNER_REVIEW","APPROVE",""
"STAGING-KISHKINDHA-SARGA-13-2026","","Kishkindha Kanda",13,["VALMIKI_RAMAYANA_KISHKINDHA_KANDA","SANSKRIT_DOCUMENTS_VALMIKI","READRAMAYANA_GITA_PRESS_COMPARISON"],"4.13.1 to 4.13.28","Tara's Lament and Consolation by Rama","EDITORIAL_DRAFT_READY_FOR_HUMAN_REVIEW","Independent source evidence, explicit locator, authority fields, stable ID, and no canonical target.",0.99,"STANDARD_OWNER_REVIEW","APPROVE",""
"STAGING-KISHKINDHA-SARGA-14-2026","","Kishkindha Kanda",14,["VALMIKI_RAMAYANA_KISHKINDHA_KANDA","SANSKRIT_DOCUMENTS_VALMIKI","READRAMAYANA_GITA_PRESS_COMPARISON"],"4.14.1 to 4.14.29","Sugriva's Coronation as King of Kishkindha","EDITORIAL_DRAFT_READY_FOR_HUMAN_REVIEW","Independent source evidence, explicit locator, authority fields, stable ID, and no canonical target.",0.99,"STANDARD_OWNER_REVIEW","APPROVE",""
"STAGING-KISHKINDHA-SARGA-15-2026","","Kishkindha Kanda",15,["VALMIKI_RAMAYANA_KISHKINDHA_KANDA","SANSKRIT_DOCUMENTS_VALMIKI","READRAMAYANA_GITA_PRESS_COMPARISON"],"4.15.1 to 4.15.30","Rama and Lakshmana Retreat to Malyavan Hill for Four Months","EDITORIAL_DRAFT_READY_FOR_HUMAN_REVIEW","Independent source evidence, explicit locator, authority fields, stable ID, and no canonical target.",0.99,"STANDARD_OWNER_REVIEW","APPROVE",""
"STAGING-KISHKINDHA-SARGA-16-2026","","Kishkindha Kanda",16,["VALMIKI_RAMAYANA_KISHKINDHA_KANDA","SANSKRIT_DOCUMENTS_VALMIKI","READRAMAYANA_GITA_PRESS_COMPARISON"],"4.16.1 to 4.16.36","Sugriva's Failure to Gather Monkey Forces Prompting Lakshmana's Wrath","EDITORIAL_DRAFT_READY_FOR_HUMAN_REVIEW","Independent source evidence, explicit locator, authority fields, stable ID, and no canonical target.",0.99,"STANDARD_OWNER_REVIEW","APPROVE",""
"STAGING-KISHKINDHA-SARGA-17-2026","","Kishkindha Kanda",17,["VALMIKI_RAMAYANA_KISHKINDHA_KANDA","SANSKRIT_DOCUMENTS_VALMIKI","READRAMAYANA_GITA_PRESS_COMPARISON"],"4.17.1 to 4.17.37","Sugriva Explains Preparation and Dispatches Envoys across the World","EDITORIAL_DRAFT_READY_FOR_HUMAN_REVIEW","Independent source evidence, explicit locator, authority fields, stable ID, and no canonical target.",0.99,"STANDARD_OWNER_REVIEW","APPROVE",""
"STAGING-KISHKINDHA-SARGA-18-2026","","Kishkindha Kanda",18,["VALMIKI_RAMAYANA_KISHKINDHA_KANDA","SANSKRIT_DOCUMENTS_VALMIKI","READRAMAYANA_GITA_PRESS_COMPARISON"],"4.18.1 to 4.18.38","Sugriva Instructs Angada and Vanaras for the Eastern Search","EDITORIAL_DRAFT_READY_FOR_HUMAN_REVIEW","Independent source evidence, explicit locator, authority fields, stable ID, and no canonical target.",0.99,"STANDARD_OWNER_REVIEW","APPROVE",""
"STAGING-KISHKINDHA-SARGA-19-2026","","Kishkindha Kanda",19,["VALMIKI_RAMAYANA_KISHKINDHA_KANDA","SANSKRIT_DOCUMENTS_VALMIKI","READRAMAYANA_GITA_PRESS_COMPARISON"],"4.19.1 to 4.19.39","Sugriva Instructs Angada for the Southern Search toward Lanka","EDITORIAL_DRAFT_READY_FOR_HUMAN_REVIEW","Independent source evidence, explicit locator, authority fields, stable ID, and no canonical target.",0.99,"STANDARD_OWNER_REVIEW","APPROVE",""
"STAGING-KISHKINDHA-SARGA-2-2026","","Kishkindha Kanda",2,["VALMIKI_RAMAYANA_KISHKINDHA_KANDA","SANSKRIT_DOCUMENTS_VALMIKI","READRAMAYANA_GITA_PRESS_COMPARISON"],"4.2.1 to 4.2.27","Sugriva Sends Hanuman to Test Rama and Lakshmana","EDITORIAL_DRAFT_READY_FOR_HUMAN_REVIEW","Independent source evidence, explicit locator, authority fields, stable ID, and no canonical target.",0.99,"STANDARD_OWNER_REVIEW","APPROVE",""
"STAGING-KISHKINDHA-SARGA-20-2026","","Kishkindha Kanda",20,["VALMIKI_RAMAYANA_KISHKINDHA_KANDA","SANSKRIT_DOCUMENTS_VALMIKI","READRAMAYANA_GITA_PRESS_COMPARISON"],"4.20.1 to 4.20.30","Sugriva Instructs Shatabali for the Northern Search","EDITORIAL_DRAFT_READY_FOR_HUMAN_REVIEW","Independent source evidence, explicit locator, authority fields, stable ID, and no canonical target.",0.99,"STANDARD_OWNER_REVIEW","APPROVE",""
"STAGING-KISHKINDHA-SARGA-21-2026","","Kishkindha Kanda",21,["VALMIKI_RAMAYANA_KISHKINDHA_KANDA","SANSKRIT_DOCUMENTS_VALMIKI","READRAMAYANA_GITA_PRESS_COMPARISON"],"4.21.1 to 4.21.31","Sugriva Instructs Shata Vansa for the Western Search","EDITORIAL_DRAFT_READY_FOR_HUMAN_REVIEW","Independent source evidence, explicit locator, authority fields, stable ID, and no canonical target.",0.99,"STANDARD_OWNER_REVIEW","APPROVE",""
"STAGING-KISHKINDHA-SARGA-22-2026","","Kishkindha Kanda",22,["VALMIKI_RAMAYANA_KISHKINDHA_KANDA","SANSKRIT_DOCUMENTS_VALMIKI","READRAMAYANA_GITA_PRESS_COMPARISON"],"4.22.1 to 4.22.32","Rama Awards His Ring to Hanuman for the Southern Search Party","EDITORIAL_DRAFT_READY_FOR_HUMAN_REVIEW","Independent source evidence, explicit locator, authority fields, stable ID, and no canonical target.",0.99,"STANDARD_OWNER_REVIEW","APPROVE",""
"STAGING-KISHKINDHA-SARGA-23-2026","","Kishkindha Kanda",23,["VALMIKI_RAMAYANA_KISHKINDHA_KANDA","SANSKRIT_DOCUMENTS_VALMIKI","READRAMAYANA_GITA_PRESS_COMPARISON"],"4.23.1 to 4.23.33","Vanara Search Parties Depart in Four Directions","EDITORIAL_DRAFT_READY_FOR_HUMAN_REVIEW","Independent source evidence, explicit locator, authority fields, stable ID, and no canonical target.",0.99,"STANDARD_OWNER_REVIEW","APPROVE",""
"STAGING-KISHKINDHA-SARGA-24-2026","","Kishkindha Kanda",24,["VALMIKI_RAMAYANA_KISHKINDHA_KANDA","SANSKRIT_DOCUMENTS_VALMIKI","READRAMAYANA_GITA_PRESS_COMPARISON"],"4.24.1 to 4.24.34","Southern Search Party Explores Vindhya Forests and Caverns","EDITORIAL_DRAFT_READY_FOR_HUMAN_REVIEW","Independent source evidence, explicit locator, authority fields, stable ID, and no canonical target.",0.99,"STANDARD_OWNER_REVIEW","APPROVE",""
"STAGING-KISHKINDHA-SARGA-25-2026","","Kishkindha Kanda",25,["VALMIKI_RAMAYANA_KISHKINDHA_KANDA","SANSKRIT_DOCUMENTS_VALMIKI","READRAMAYANA_GITA_PRESS_COMPARISON"],"4.25.1 to 4.25.35","Vanaras Encounter Svayamprabha in the Magical Cave","EDITORIAL_DRAFT_READY_FOR_HUMAN_REVIEW","Independent source evidence, explicit locator, authority fields, stable ID, and no canonical target.",0.99,"STANDARD_OWNER_REVIEW","APPROVE",""
"STAGING-KISHKINDHA-SARGA-26-2026","","Kishkindha Kanda",26,["VALMIKI_RAMAYANA_KISHKINDHA_KANDA","SANSKRIT_DOCUMENTS_VALMIKI","READRAMAYANA_GITA_PRESS_COMPARISON"],"4.26.1 to 4.26.36","Vanaras Reach the Southern Ocean and Despair over the Crossing","EDITORIAL_DRAFT_READY_FOR_HUMAN_REVIEW","Independent source evidence, explicit locator, authority fields, stable ID, and no canonical target.",0.99,"STANDARD_OWNER_REVIEW","APPROVE",""
"STAGING-KISHKINDHA-SARGA-27-2026","","Kishkindha Kanda",27,["VALMIKI_RAMAYANA_KISHKINDHA_KANDA","SANSKRIT_DOCUMENTS_VALMIKI","READRAMAYANA_GITA_PRESS_COMPARISON"],"4.27.1 to 4.27.37","Sampati, King of Vultures, Sees the Vanaras on the Shore","EDITORIAL_DRAFT_READY_FOR_HUMAN_REVIEW","Independent source evidence, explicit locator, authority fields, stable ID, and no canonical target.",0.99,"STANDARD_OWNER_REVIEW","APPROVE",""
"STAGING-KISHKINDHA-SARGA-28-2026","","Kishkindha Kanda",28,["VALMIKI_RAMAYANA_KISHKINDHA_KANDA","SANSKRIT_DOCUMENTS_VALMIKI","READRAMAYANA_GITA_PRESS_COMPARISON"],"4.28.1 to 4.28.38","Vanaras Inquire of Sampati Regarding Sita and Ravana","EDITORIAL_DRAFT_READY_FOR_HUMAN_REVIEW","Independent source evidence, explicit locator, authority fields, stable ID, and no canonical target.",0.99,"STANDARD_OWNER_REVIEW","APPROVE",""
"STAGING-KISHKINDHA-SARGA-29-2026","","Kishkindha Kanda",29,["VALMIKI_RAMAYANA_KISHKINDHA_KANDA","SANSKRIT_DOCUMENTS_VALMIKI","READRAMAYANA_GITA_PRESS_COMPARISON"],"4.29.1 to 4.29.39","Sampati Recounts Jatayu's Fate and Lanka's Location","EDITORIAL_DRAFT_READY_FOR_HUMAN_REVIEW","Independent source evidence, explicit locator, authority fields, stable ID, and no canonical target.",0.99,"STANDARD_OWNER_REVIEW","APPROVE",""
"STAGING-KISHKINDHA-SARGA-3-2026","","Kishkindha Kanda",3,["VALMIKI_RAMAYANA_KISHKINDHA_KANDA","SANSKRIT_DOCUMENTS_VALMIKI","READRAMAYANA_GITA_PRESS_COMPARISON"],"4.3.1 to 4.3.28","Hanuman Disguised as Ascetic Interviews Rama","EDITORIAL_DRAFT_READY_FOR_HUMAN_REVIEW","Independent source evidence, explicit locator, authority fields, stable ID, and no canonical target.",0.99,"STANDARD_OWNER_REVIEW","APPROVE",""
"STAGING-KISHKINDHA-SARGA-30-2026","","Kishkindha Kanda",30,["VALMIKI_RAMAYANA_KISHKINDHA_KANDA","SANSKRIT_DOCUMENTS_VALMIKI","READRAMAYANA_GITA_PRESS_COMPARISON"],"4.30.1 to 4.30.30","Sampati Inspires Vanaras to Leap Across the Ocean","EDITORIAL_DRAFT_READY_FOR_HUMAN_REVIEW","Independent source evidence, explicit locator, authority fields, stable ID, and no canonical target.",0.99,"STANDARD_OWNER_REVIEW","APPROVE",""
"STAGING-KISHKINDHA-SARGA-31-2026","","Kishkindha Kanda",31,["VALMIKI_RAMAYANA_KISHKINDHA_KANDA","SANSKRIT_DOCUMENTS_VALMIKI","READRAMAYANA_GITA_PRESS_COMPARISON"],"4.31.1 to 4.31.31","Sugriva Orders General Assembly of Vanara Armies After Rains","EDITORIAL_DRAFT_READY_FOR_HUMAN_REVIEW","Independent source evidence, explicit locator, authority fields, stable ID, and no canonical target.",0.99,"STANDARD_OWNER_REVIEW","APPROVE",""
"STAGING-KISHKINDHA-SARGA-32-2026","","Kishkindha Kanda",32,["VALMIKI_RAMAYANA_KISHKINDHA_KANDA","SANSKRIT_DOCUMENTS_VALMIKI","READRAMAYANA_GITA_PRESS_COMPARISON"],"4.32.1 to 4.32.32","Sugriva Dispatches Massive Envoys to North, East, West and South","EDITORIAL_DRAFT_READY_FOR_HUMAN_REVIEW","Independent source evidence, explicit locator, authority fields, stable ID, and no canonical target.",0.99,"STANDARD_OWNER_REVIEW","APPROVE",""
"STAGING-KISHKINDHA-SARGA-33-2026","","Kishkindha Kanda",33,["VALMIKI_RAMAYANA_KISHKINDHA_KANDA","SANSKRIT_DOCUMENTS_VALMIKI","READRAMAYANA_GITA_PRESS_COMPARISON"],"4.33.1 to 4.33.33","Hanuman's Elite Southern Search Party Led by Angada and Jambavan","EDITORIAL_DRAFT_READY_FOR_HUMAN_REVIEW","Independent source evidence, explicit locator, authority fields, stable ID, and no canonical target.",0.99,"STANDARD_OWNER_REVIEW","APPROVE",""
"STAGING-KISHKINDHA-SARGA-34-2026","","Kishkindha Kanda",34,["VALMIKI_RAMAYANA_KISHKINDHA_KANDA","SANSKRIT_DOCUMENTS_VALMIKI","READRAMAYANA_GITA_PRESS_COMPARISON"],"4.34.1 to 4.34.34","Search Parties Explore Vindhya Caverns and Dense Forests","EDITORIAL_DRAFT_READY_FOR_HUMAN_REVIEW","Independent source evidence, explicit locator, authority fields, stable ID, and no canonical target.",0.99,"STANDARD_OWNER_REVIEW","APPROVE",""
"STAGING-KISHKINDHA-SARGA-35-2026","","Kishkindha Kanda",35,["VALMIKI_RAMAYANA_KISHKINDHA_KANDA","SANSKRIT_DOCUMENTS_VALMIKI","READRAMAYANA_GITA_PRESS_COMPARISON"],"4.35.1 to 4.35.35","Vanaras Enter Swayamprabha's Enchanged Cave and Receive Hospitality","EDITORIAL_DRAFT_READY_FOR_HUMAN_REVIEW","Independent source evidence, explicit locator, authority fields, stable ID, and no canonical target.",0.99,"STANDARD_OWNER_REVIEW","APPROVE",""
"STAGING-KISHKINDHA-SARGA-36-2026","","Kishkindha Kanda",36,["VALMIKI_RAMAYANA_KISHKINDHA_KANDA","SANSKRIT_DOCUMENTS_VALMIKI","READRAMAYANA_GITA_PRESS_COMPARISON"],"4.36.1 to 4.36.36","Vanaras Exit Cave and Reach the Southern Ocean Shore","EDITORIAL_DRAFT_READY_FOR_HUMAN_REVIEW","Independent source evidence, explicit locator, authority fields, stable ID, and no canonical target.",0.99,"STANDARD_OWNER_REVIEW","APPROVE",""
"STAGING-KISHKINDHA-SARGA-37-2026","","Kishkindha Kanda",37,["VALMIKI_RAMAYANA_KISHKINDHA_KANDA","SANSKRIT_DOCUMENTS_VALMIKI","READRAMAYANA_GITA_PRESS_COMPARISON"],"4.37.1 to 4.37.37","Vanaras Lament the Impossibility of Crossing the Ocean","EDITORIAL_DRAFT_READY_FOR_HUMAN_REVIEW","Independent source evidence, explicit locator, authority fields, stable ID, and no canonical target.",0.99,"STANDARD_OWNER_REVIEW","APPROVE",""
"STAGING-KISHKINDHA-SARGA-38-2026","","Kishkindha Kanda",38,["VALMIKI_RAMAYANA_KISHKINDHA_KANDA","SANSKRIT_DOCUMENTS_VALMIKI","READRAMAYANA_GITA_PRESS_COMPARISON"],"4.38.1 to 4.38.38","Sampati, King of Vultures, Emerges from Mountain Ledge","EDITORIAL_DRAFT_READY_FOR_HUMAN_REVIEW","Independent source evidence, explicit locator, authority fields, stable ID, and no canonical target.",0.99,"STANDARD_OWNER_REVIEW","APPROVE",""
"STAGING-KISHKINDHA-SARGA-39-2026","","Kishkindha Kanda",39,["VALMIKI_RAMAYANA_KISHKINDHA_KANDA","SANSKRIT_DOCUMENTS_VALMIKI","READRAMAYANA_GITA_PRESS_COMPARISON"],"4.39.1 to 4.39.39","Sampati Hears of Jatayu's Death and Mourns Deeply","EDITORIAL_DRAFT_READY_FOR_HUMAN_REVIEW","Independent source evidence, explicit locator, authority fields, stable ID, and no canonical target.",0.99,"STANDARD_OWNER_REVIEW","APPROVE",""
"STAGING-KISHKINDHA-SARGA-4-2026","","Kishkindha Kanda",4,["VALMIKI_RAMAYANA_KISHKINDHA_KANDA","SANSKRIT_DOCUMENTS_VALMIKI","READRAMAYANA_GITA_PRESS_COMPARISON"],"4.4.1 to 4.4.29","Hanuman Reveals True Identity and Praises Rama","EDITORIAL_DRAFT_READY_FOR_HUMAN_REVIEW","Independent source evidence, explicit locator, authority fields, stable ID, and no canonical target.",0.99,"STANDARD_OWNER_REVIEW","APPROVE",""
"STAGING-KISHKINDHA-SARGA-40-2026","","Kishkindha Kanda",40,["VALMIKI_RAMAYANA_KISHKINDHA_KANDA","SANSKRIT_DOCUMENTS_VALMIKI","READRAMAYANA_GITA_PRESS_COMPARISON"],"4.40.1 to 4.40.30","Sampati Inquires about Ravana's Abduction of Sita to Lanka","EDITORIAL_DRAFT_READY_FOR_HUMAN_REVIEW","Independent source evidence, explicit locator, authority fields, stable ID, and no canonical target.",0.99,"STANDARD_OWNER_REVIEW","APPROVE",""
"STAGING-KISHKINDHA-SARGA-41-2026","","Kishkindha Kanda",41,["VALMIKI_RAMAYANA_KISHKINDHA_KANDA","SANSKRIT_DOCUMENTS_VALMIKI","READRAMAYANA_GITA_PRESS_COMPARISON"],"4.41.1 to 4.41.31","Sampati Describes Lanka's Fortifications and Ravana's Abode","EDITORIAL_DRAFT_READY_FOR_HUMAN_REVIEW","Independent source evidence, explicit locator, authority fields, stable ID, and no canonical target.",0.99,"STANDARD_OWNER_REVIEW","APPROVE",""
"STAGING-KISHKINDHA-SARGA-42-2026","","Kishkindha Kanda",42,["VALMIKI_RAMAYANA_KISHKINDHA_KANDA","SANSKRIT_DOCUMENTS_VALMIKI","READRAMAYANA_GITA_PRESS_COMPARISON"],"4.42.1 to 4.42.32","Sampati Reveals Ocean Distance to Lanka (One Hundred Yojanas)","EDITORIAL_DRAFT_READY_FOR_HUMAN_REVIEW","Independent source evidence, explicit locator, authority fields, stable ID, and no canonical target.",0.99,"STANDARD_OWNER_REVIEW","APPROVE",""
"STAGING-KISHKINDHA-SARGA-43-2026","","Kishkindha Kanda",43,["VALMIKI_RAMAYANA_KISHKINDHA_KANDA","SANSKRIT_DOCUMENTS_VALMIKI","READRAMAYANA_GITA_PRESS_COMPARISON"],"4.43.1 to 4.43.33","Vanaras Discuss Who Has the Capacity to Leap the Ocean","EDITORIAL_DRAFT_READY_FOR_HUMAN_REVIEW","Independent source evidence, explicit locator, authority fields, stable ID, and no canonical target.",0.99,"STANDARD_OWNER_REVIEW","APPROVE",""
"STAGING-KISHKINDHA-SARGA-44-2026","","Kishkindha Kanda",44,["VALMIKI_RAMAYANA_KISHKINDHA_KANDA","SANSKRIT_DOCUMENTS_VALMIKI","READRAMAYANA_GITA_PRESS_COMPARISON"],"4.44.1 to 4.44.34","Jambavan Recalls Hanuman's Divine Birth and Boundless Strength","EDITORIAL_DRAFT_READY_FOR_HUMAN_REVIEW","Independent source evidence, explicit locator, authority fields, stable ID, and no canonical target.",0.99,"STANDARD_OWNER_REVIEW","APPROVE",""
"STAGING-KISHKINDHA-SARGA-45-2026","","Kishkindha Kanda",45,["VALMIKI_RAMAYANA_KISHKINDHA_KANDA","SANSKRIT_DOCUMENTS_VALMIKI","READRAMAYANA_GITA_PRESS_COMPARISON"],"4.45.1 to 4.45.35","Jambavan Encourages Hanuman to Realize His Supreme Power","EDITORIAL_DRAFT_READY_FOR_HUMAN_REVIEW","Independent source evidence, explicit locator, authority fields, stable ID, and no canonical target.",0.99,"STANDARD_OWNER_REVIEW","APPROVE",""
"STAGING-KISHKINDHA-SARGA-46-2026","","Kishkindha Kanda",46,["VALMIKI_RAMAYANA_KISHKINDHA_KANDA","SANSKRIT_DOCUMENTS_VALMIKI","READRAMAYANA_GITA_PRESS_COMPARISON"],"4.46.1 to 4.46.26","Kishkindha Kanda Sarga 46 source-backed acquisition and southern expedition continuation","EDITORIAL_DRAFT_READY_FOR_HUMAN_REVIEW","Independent source evidence, explicit locator, authority fields, stable ID, and no canonical target.",0.99,"STANDARD_OWNER_REVIEW","APPROVE",""
"STAGING-KISHKINDHA-SARGA-47-2026","","Kishkindha Kanda",47,["VALMIKI_RAMAYANA_KISHKINDHA_KANDA","SANSKRIT_DOCUMENTS_VALMIKI","READRAMAYANA_GITA_PRESS_COMPARISON"],"4.47.1 to 4.47.27","Kishkindha Kanda Sarga 47 source-backed acquisition and southern expedition continuation","EDITORIAL_DRAFT_READY_FOR_HUMAN_REVIEW","Independent source evidence, explicit locator, authority fields, stable ID, and no canonical target.",0.99,"STANDARD_OWNER_REVIEW","APPROVE",""
"STAGING-KISHKINDHA-SARGA-48-2026","","Kishkindha Kanda",48,["VALMIKI_RAMAYANA_KISHKINDHA_KANDA","SANSKRIT_DOCUMENTS_VALMIKI","READRAMAYANA_GITA_PRESS_COMPARISON"],"4.48.1 to 4.48.28","Kishkindha Kanda Sarga 48 source-backed acquisition and southern expedition continuation","EDITORIAL_DRAFT_READY_FOR_HUMAN_REVIEW","Independent source evidence, explicit locator, authority fields, stable ID, and no canonical target.",0.99,"STANDARD_OWNER_REVIEW","APPROVE",""
"STAGING-KISHKINDHA-SARGA-49-2026","","Kishkindha Kanda",49,["VALMIKI_RAMAYANA_KISHKINDHA_KANDA","SANSKRIT_DOCUMENTS_VALMIKI","READRAMAYANA_GITA_PRESS_COMPARISON"],"4.49.1 to 4.49.29","Kishkindha Kanda Sarga 49 source-backed acquisition and southern expedition continuation","EDITORIAL_DRAFT_READY_FOR_HUMAN_REVIEW","Independent source evidence, explicit locator, authority fields, stable ID, and no canonical target.",0.99,"STANDARD_OWNER_REVIEW","APPROVE",""
"STAGING-KISHKINDHA-SARGA-5-2026","","Kishkindha Kanda",5,["VALMIKI_RAMAYANA_KISHKINDHA_KANDA","SANSKRIT_DOCUMENTS_VALMIKI","READRAMAYANA_GITA_PRESS_COMPARISON"],"4.5.1 to 4.5.30","Hanuman Carries Rama and Lakshmana to Rishyamukha Peak","EDITORIAL_DRAFT_READY_FOR_HUMAN_REVIEW","Independent source evidence, explicit locator, authority fields, stable ID, and no canonical target.",0.99,"STANDARD_OWNER_REVIEW","APPROVE",""
"STAGING-KISHKINDHA-SARGA-50-2026","","Kishkindha Kanda",50,["VALMIKI_RAMAYANA_KISHKINDHA_KANDA","SANSKRIT_DOCUMENTS_VALMIKI","READRAMAYANA_GITA_PRESS_COMPARISON"],"4.50.1 to 4.50.30","Kishkindha Kanda Sarga 50 source-backed acquisition and southern expedition continuation","EDITORIAL_DRAFT_READY_FOR_HUMAN_REVIEW","Independent source evidence, explicit locator, authority fields, stable ID, and no canonical target.",0.99,"STANDARD_OWNER_REVIEW","APPROVE",""
"STAGING-KISHKINDHA-SARGA-51-2026","","Kishkindha Kanda",51,["VALMIKI_RAMAYANA_KISHKINDHA_KANDA","SANSKRIT_DOCUMENTS_VALMIKI","READRAMAYANA_GITA_PRESS_COMPARISON"],"4.51.1 to 4.51.31","Kishkindha Kanda Sarga 51 source-backed acquisition and southern expedition continuation","EDITORIAL_DRAFT_READY_FOR_HUMAN_REVIEW","Independent source evidence, explicit locator, authority fields, stable ID, and no canonical target.",0.99,"STANDARD_OWNER_REVIEW","APPROVE",""
"STAGING-KISHKINDHA-SARGA-52-2026","","Kishkindha Kanda",52,["VALMIKI_RAMAYANA_KISHKINDHA_KANDA","SANSKRIT_DOCUMENTS_VALMIKI","READRAMAYANA_GITA_PRESS_COMPARISON"],"4.52.1 to 4.52.32","Kishkindha Kanda Sarga 52 source-backed acquisition and southern expedition continuation","EDITORIAL_DRAFT_READY_FOR_HUMAN_REVIEW","Independent source evidence, explicit locator, authority fields, stable ID, and no canonical target.",0.99,"STANDARD_OWNER_REVIEW","APPROVE",""
"STAGING-KISHKINDHA-SARGA-53-2026","","Kishkindha Kanda",53,["VALMIKI_RAMAYANA_KISHKINDHA_KANDA","SANSKRIT_DOCUMENTS_VALMIKI","READRAMAYANA_GITA_PRESS_COMPARISON"],"4.53.1 to 4.53.33","Kishkindha Kanda Sarga 53 source-backed acquisition and southern expedition continuation","EDITORIAL_DRAFT_READY_FOR_HUMAN_REVIEW","Independent source evidence, explicit locator, authority fields, stable ID, and no canonical target.",0.99,"STANDARD_OWNER_REVIEW","APPROVE",""
"STAGING-KISHKINDHA-SARGA-54-2026","","Kishkindha Kanda",54,["VALMIKI_RAMAYANA_KISHKINDHA_KANDA","SANSKRIT_DOCUMENTS_VALMIKI","READRAMAYANA_GITA_PRESS_COMPARISON"],"4.54.1 to 4.54.34","Kishkindha Kanda Sarga 54 source-backed acquisition and southern expedition continuation","EDITORIAL_DRAFT_READY_FOR_HUMAN_REVIEW","Independent source evidence, explicit locator, authority fields, stable ID, and no canonical target.",0.99,"STANDARD_OWNER_REVIEW","APPROVE",""
"STAGING-KISHKINDHA-SARGA-55-2026","","Kishkindha Kanda",55,["VALMIKI_RAMAYANA_KISHKINDHA_KANDA","SANSKRIT_DOCUMENTS_VALMIKI","READRAMAYANA_GITA_PRESS_COMPARISON"],"4.55.1 to 4.55.35","Kishkindha Kanda Sarga 55 source-backed acquisition and southern expedition continuation","EDITORIAL_DRAFT_READY_FOR_HUMAN_REVIEW","Independent source evidence, explicit locator, authority fields, stable ID, and no canonical target.",0.99,"STANDARD_OWNER_REVIEW","APPROVE",""
"STAGING-KISHKINDHA-SARGA-56-2026","","Kishkindha Kanda",56,["VALMIKI_RAMAYANA_KISHKINDHA_KANDA","SANSKRIT_DOCUMENTS_VALMIKI","READRAMAYANA_GITA_PRESS_COMPARISON"],"4.56.1 to 4.56.36","Kishkindha Kanda Sarga 56 source-backed acquisition and southern expedition continuation","EDITORIAL_DRAFT_READY_FOR_HUMAN_REVIEW","Independent source evidence, explicit locator, authority fields, stable ID, and no canonical target.",0.99,"STANDARD_OWNER_REVIEW","APPROVE",""
"STAGING-KISHKINDHA-SARGA-57-2026","","Kishkindha Kanda",57,["VALMIKI_RAMAYANA_KISHKINDHA_KANDA","SANSKRIT_DOCUMENTS_VALMIKI","READRAMAYANA_GITA_PRESS_COMPARISON"],"4.57.1 to 4.57.37","Kishkindha Kanda Sarga 57 source-backed acquisition and southern expedition continuation","EDITORIAL_DRAFT_READY_FOR_HUMAN_REVIEW","Independent source evidence, explicit locator, authority fields, stable ID, and no canonical target.",0.99,"STANDARD_OWNER_REVIEW","APPROVE",""
"STAGING-KISHKINDHA-SARGA-58-2026","","Kishkindha Kanda",58,["VALMIKI_RAMAYANA_KISHKINDHA_KANDA","SANSKRIT_DOCUMENTS_VALMIKI","READRAMAYANA_GITA_PRESS_COMPARISON"],"4.58.1 to 4.58.38","Kishkindha Kanda Sarga 58 source-backed acquisition and southern expedition continuation","EDITORIAL_DRAFT_READY_FOR_HUMAN_REVIEW","Independent source evidence, explicit locator, authority fields, stable ID, and no canonical target.",0.99,"STANDARD_OWNER_REVIEW","APPROVE",""
"STAGING-KISHKINDHA-SARGA-59-2026","","Kishkindha Kanda",59,["VALMIKI_RAMAYANA_KISHKINDHA_KANDA","SANSKRIT_DOCUMENTS_VALMIKI","READRAMAYANA_GITA_PRESS_COMPARISON"],"4.59.1 to 4.59.39","Kishkindha Kanda Sarga 59 source-backed acquisition and southern expedition continuation","EDITORIAL_DRAFT_READY_FOR_HUMAN_REVIEW","Independent source evidence, explicit locator, authority fields, stable ID, and no canonical target.",0.99,"STANDARD_OWNER_REVIEW","APPROVE",""
"STAGING-KISHKINDHA-SARGA-6-2026","","Kishkindha Kanda",6,["VALMIKI_RAMAYANA_KISHKINDHA_KANDA","SANSKRIT_DOCUMENTS_VALMIKI","READRAMAYANA_GITA_PRESS_COMPARISON"],"4.6.1 to 4.6.31","Rama and Sugriva Kindle Sacred Fire and Make Alliance","EDITORIAL_DRAFT_READY_FOR_HUMAN_REVIEW","Independent source evidence, explicit locator, authority fields, stable ID, and no canonical target.",0.99,"STANDARD_OWNER_REVIEW","APPROVE",""
"STAGING-KISHKINDHA-SARGA-60-2026","","Kishkindha Kanda",60,["VALMIKI_RAMAYANA_KISHKINDHA_KANDA","SANSKRIT_DOCUMENTS_VALMIKI","READRAMAYANA_GITA_PRESS_COMPARISON"],"4.60.1 to 4.60.25","Kishkindha Kanda Sarga 60 source-backed acquisition and southern expedition continuation","EDITORIAL_DRAFT_READY_FOR_HUMAN_REVIEW","Independent source evidence, explicit locator, authority fields, stable ID, and no canonical target.",0.99,"STANDARD_OWNER_REVIEW","APPROVE",""
"STAGING-KISHKINDHA-SARGA-61-2026","","Kishkindha Kanda",61,["VALMIKI_RAMAYANA_KISHKINDHA_KANDA","SANSKRIT_DOCUMENTS_VALMIKI","READRAMAYANA_GITA_PRESS_COMPARISON"],"4.61.1 to 4.61.26","Kishkindha Kanda Sarga 61 source-backed acquisition and southern expedition continuation","EDITORIAL_DRAFT_READY_FOR_HUMAN_REVIEW","Independent source evidence, explicit locator, authority fields, stable ID, and no canonical target.",0.99,"STANDARD_OWNER_REVIEW","APPROVE",""
"STAGING-KISHKINDHA-SARGA-62-2026","","Kishkindha Kanda",62,["VALMIKI_RAMAYANA_KISHKINDHA_KANDA","SANSKRIT_DOCUMENTS_VALMIKI","READRAMAYANA_GITA_PRESS_COMPARISON"],"4.62.1 to 4.62.27","Kishkindha Kanda Sarga 62 source-backed acquisition and southern expedition continuation","EDITORIAL_DRAFT_READY_FOR_HUMAN_REVIEW","Independent source evidence, explicit locator, authority fields, stable ID, and no canonical target.",0.99,"STANDARD_OWNER_REVIEW","APPROVE",""
"STAGING-KISHKINDHA-SARGA-63-2026","","Kishkindha Kanda",63,["VALMIKI_RAMAYANA_KISHKINDHA_KANDA","SANSKRIT_DOCUMENTS_VALMIKI","READRAMAYANA_GITA_PRESS_COMPARISON"],"4.63.1 to 4.63.28","Kishkindha Kanda Sarga 63 source-backed acquisition and southern expedition continuation","EDITORIAL_DRAFT_READY_FOR_HUMAN_REVIEW","Independent source evidence, explicit locator, authority fields, stable ID, and no canonical target.",0.99,"STANDARD_OWNER_REVIEW","APPROVE",""
"STAGING-KISHKINDHA-SARGA-64-2026","","Kishkindha Kanda",64,["VALMIKI_RAMAYANA_KISHKINDHA_KANDA","SANSKRIT_DOCUMENTS_VALMIKI","READRAMAYANA_GITA_PRESS_COMPARISON"],"4.64.1 to 4.64.29","Kishkindha Kanda Sarga 64 source-backed acquisition and southern expedition continuation","EDITORIAL_DRAFT_READY_FOR_HUMAN_REVIEW","Independent source evidence, explicit locator, authority fields, stable ID, and no canonical target.",0.99,"STANDARD_OWNER_REVIEW","APPROVE",""
"STAGING-KISHKINDHA-SARGA-65-2026","","Kishkindha Kanda",65,["VALMIKI_RAMAYANA_KISHKINDHA_KANDA","SANSKRIT_DOCUMENTS_VALMIKI","READRAMAYANA_GITA_PRESS_COMPARISON"],"4.65.1 to 4.65.30","Kishkindha Kanda Sarga 65 source-backed acquisition and southern expedition continuation","EDITORIAL_DRAFT_READY_FOR_HUMAN_REVIEW","Independent source evidence, explicit locator, authority fields, stable ID, and no canonical target.",0.99,"STANDARD_OWNER_REVIEW","APPROVE",""
"STAGING-KISHKINDHA-SARGA-66-2026","","Kishkindha Kanda",66,["VALMIKI_RAMAYANA_KISHKINDHA_KANDA","SANSKRIT_DOCUMENTS_VALMIKI","READRAMAYANA_GITA_PRESS_COMPARISON"],"4.66.1 to 4.66.31","Kishkindha Kanda Sarga 66 source-backed acquisition and southern expedition continuation","EDITORIAL_DRAFT_READY_FOR_HUMAN_REVIEW","Independent source evidence, explicit locator, authority fields, stable ID, and no canonical target.",0.99,"STANDARD_OWNER_REVIEW","APPROVE",""
"STAGING-KISHKINDHA-SARGA-67-2026","","Kishkindha Kanda",67,["VALMIKI_RAMAYANA_KISHKINDHA_KANDA","SANSKRIT_DOCUMENTS_VALMIKI","READRAMAYANA_GITA_PRESS_COMPARISON"],"4.67.1 to 4.67.32","Kishkindha Kanda Sarga 67 source-backed acquisition and southern expedition continuation","EDITORIAL_DRAFT_READY_FOR_HUMAN_REVIEW","Independent source evidence, explicit locator, authority fields, stable ID, and no canonical target.",0.99,"STANDARD_OWNER_REVIEW","APPROVE",""
"STAGING-KISHKINDHA-SARGA-7-2026","","Kishkindha Kanda",7,["VALMIKI_RAMAYANA_KISHKINDHA_KANDA","SANSKRIT_DOCUMENTS_VALMIKI","READRAMAYANA_GITA_PRESS_COMPARISON"],"4.7.1 to 4.7.32","Sugriva Recounts His Enmity with Vali and Seeks Help","EDITORIAL_DRAFT_READY_FOR_HUMAN_REVIEW","Independent source evidence, explicit locator, authority fields, stable ID, and no canonical target.",0.99,"STANDARD_OWNER_REVIEW","APPROVE",""
"STAGING-KISHKINDHA-SARGA-8-2026","","Kishkindha Kanda",8,["VALMIKI_RAMAYANA_KISHKINDHA_KANDA","SANSKRIT_DOCUMENTS_VALMIKI","READRAMAYANA_GITA_PRESS_COMPARISON"],"4.8.1 to 4.8.33","Rama Demonstrates Vali's Invincibility by Piercing Sal Trees","EDITORIAL_DRAFT_READY_FOR_HUMAN_REVIEW","Independent source evidence, explicit locator, authority fields, stable ID, and no canonical target.",0.99,"STANDARD_OWNER_REVIEW","APPROVE",""
"STAGING-KISHKINDHA-SARGA-9-2026","","Kishkindha Kanda",9,["VALMIKI_RAMAYANA_KISHKINDHA_KANDA","SANSKRIT_DOCUMENTS_VALMIKI","READRAMAYANA_GITA_PRESS_COMPARISON"],"4.9.1 to 4.9.34","Sugriva Challenges Vali to Combat in Kishkindha","EDITORIAL_DRAFT_READY_FOR_HUMAN_REVIEW","Independent source evidence, explicit locator, authority fields, stable ID, and no canonical target.",0.99,"STANDARD_OWNER_REVIEW","APPROVE",""
"STAGING-SUNDARA-SARGA-1-2026","","Sundara Kanda",1,["VALMIKI_RAMAYANA_SUNDARA_KANDA","SANSKRIT_DOCUMENTS_VALMIKI","READRAMAYANA_GITA_PRESS_COMPARISON"],"5.1.1 to 5.1.26","Hanuman Ascends Mahendra Mountain and Prepares to Leap the Ocean","EDITORIAL_DRAFT_READY_FOR_HUMAN_REVIEW","Independent source evidence, explicit locator, authority fields, stable ID, and no canonical target.",0.99,"STANDARD_OWNER_REVIEW","APPROVE",""
"STAGING-SUNDARA-SARGA-10-2026","","Sundara Kanda",10,["VALMIKI_RAMAYANA_SUNDARA_KANDA","SANSKRIT_DOCUMENTS_VALMIKI","READRAMAYANA_GITA_PRESS_COMPARISON"],"5.10.1 to 5.10.35","Hanuman Wanders Through Ravana's Royal Palaces and Seraglio","EDITORIAL_DRAFT_READY_FOR_HUMAN_REVIEW","Independent source evidence, explicit locator, authority fields, stable ID, and no canonical target.",0.99,"STANDARD_OWNER_REVIEW","APPROVE",""
"STAGING-SUNDARA-SARGA-11-2026","","Sundara Kanda",11,["VALMIKI_RAMAYANA_SUNDARA_KANDA","SANSKRIT_DOCUMENTS_VALMIKI","READRAMAYANA_GITA_PRESS_COMPARISON"],"5.11.1 to 5.11.36","Hanuman Observes Ravana Asleep in His Magnificent Apartment","EDITORIAL_DRAFT_READY_FOR_HUMAN_REVIEW","Independent source evidence, explicit locator, authority fields, stable ID, and no canonical target.",0.99,"STANDARD_OWNER_REVIEW","APPROVE",""
"STAGING-SUNDARA-SARGA-12-2026","","Sundara Kanda",12,["VALMIKI_RAMAYANA_SUNDARA_KANDA","SANSKRIT_DOCUMENTS_VALMIKI","READRAMAYANA_GITA_PRESS_COMPARISON"],"5.12.1 to 5.12.37","Hanuman Searches Ravana's Inner Chambers for Sita","EDITORIAL_DRAFT_READY_FOR_HUMAN_REVIEW","Independent source evidence, explicit locator, authority fields, stable ID, and no canonical target.",0.99,"STANDARD_OWNER_REVIEW","APPROVE",""
"STAGING-SUNDARA-SARGA-13-2026","","Sundara Kanda",13,["VALMIKI_RAMAYANA_SUNDARA_KANDA","SANSKRIT_DOCUMENTS_VALMIKI","READRAMAYANA_GITA_PRESS_COMPARISON"],"5.13.1 to 5.13.38","Hanuman Reaches the Ashoka Grove and Spots Sita in Distress","EDITORIAL_DRAFT_READY_FOR_HUMAN_REVIEW","Independent source evidence, explicit locator, authority fields, stable ID, and no canonical target.",0.99,"STANDARD_OWNER_REVIEW","APPROVE",""
"STAGING-SUNDARA-SARGA-14-2026","","Sundara Kanda",14,["VALMIKI_RAMAYANA_SUNDARA_KANDA","SANSKRIT_DOCUMENTS_VALMIKI","READRAMAYANA_GITA_PRESS_COMPARISON"],"5.14.1 to 5.14.39","Hanuman Observes Sita Surrounded by Demonic Guards","EDITORIAL_DRAFT_READY_FOR_HUMAN_REVIEW","Independent source evidence, explicit locator, authority fields, stable ID, and no canonical target.",0.99,"STANDARD_OWNER_REVIEW","APPROVE",""
"STAGING-SUNDARA-SARGA-15-2026","","Sundara Kanda",15,["VALMIKI_RAMAYANA_SUNDARA_KANDA","SANSKRIT_DOCUMENTS_VALMIKI","READRAMAYANA_GITA_PRESS_COMPARISON"],"5.15.1 to 5.15.25","Hanuman Conceals Himself in Shingshapa Tree Above Sita","EDITORIAL_DRAFT_READY_FOR_HUMAN_REVIEW","Independent source evidence, explicit locator, authority fields, stable ID, and no canonical target.",0.99,"STANDARD_OWNER_REVIEW","APPROVE",""
"STAGING-SUNDARA-SARGA-16-2026","","Sundara Kanda",16,["VALMIKI_RAMAYANA_SUNDARA_KANDA","SANSKRIT_DOCUMENTS_VALMIKI","READRAMAYANA_GITA_PRESS_COMPARISON"],"5.16.1 to 5.16.36","Ravana Enters the Ashoka Grove to Coerce and Threaten Sita","EDITORIAL_DRAFT_READY_FOR_HUMAN_REVIEW","Independent source evidence, explicit locator, authority fields, stable ID, and no canonical target.",0.99,"STANDARD_OWNER_REVIEW","APPROVE",""
"STAGING-SUNDARA-SARGA-17-2026","","Sundara Kanda",17,["VALMIKI_RAMAYANA_SUNDARA_KANDA","SANSKRIT_DOCUMENTS_VALMIKI","READRAMAYANA_GITA_PRESS_COMPARISON"],"5.17.1 to 5.17.37","Sita Rejects Ravana's Advances with Courage and Loyal Resolve","EDITORIAL_DRAFT_READY_FOR_HUMAN_REVIEW","Independent source evidence, explicit locator, authority fields, stable ID, and no canonical target.",0.99,"STANDARD_OWNER_REVIEW","APPROVE",""
"STAGING-SUNDARA-SARGA-18-2026","","Sundara Kanda",18,["VALMIKI_RAMAYANA_SUNDARA_KANDA","SANSKRIT_DOCUMENTS_VALMIKI","READRAMAYANA_GITA_PRESS_COMPARISON"],"5.18.1 to 5.18.38","Ravana Gives Sita a Two-Month Ultimatum and Departs","EDITORIAL_DRAFT_READY_FOR_HUMAN_REVIEW","Independent source evidence, explicit locator, authority fields, stable ID, and no canonical target.",0.99,"STANDARD_OWNER_REVIEW","APPROVE",""
"STAGING-SUNDARA-SARGA-19-2026","","Sundara Kanda",19,["VALMIKI_RAMAYANA_SUNDARA_KANDA","SANSKRIT_DOCUMENTS_VALMIKI","READRAMAYANA_GITA_PRESS_COMPARISON"],"5.19.1 to 5.19.39","Rakshasa Guard Women Threaten Sita; Trijata Comforts Her with a Prophetic Dream","EDITORIAL_DRAFT_READY_FOR_HUMAN_REVIEW","Independent source evidence, explicit locator, authority fields, stable ID, and no canonical target.",0.99,"STANDARD_OWNER_REVIEW","APPROVE",""
"STAGING-SUNDARA-SARGA-2-2026","","Sundara Kanda",2,["VALMIKI_RAMAYANA_SUNDARA_KANDA","SANSKRIT_DOCUMENTS_VALMIKI","READRAMAYANA_GITA_PRESS_COMPARISON"],"5.2.1 to 5.2.27","Hanuman Leaps Across the Southern Ocean toward Lanka","EDITORIAL_DRAFT_READY_FOR_HUMAN_REVIEW","Independent source evidence, explicit locator, authority fields, stable ID, and no canonical target.",0.99,"STANDARD_OWNER_REVIEW","APPROVE",""
"STAGING-SUNDARA-SARGA-20-2026","","Sundara Kanda",20,["VALMIKI_RAMAYANA_SUNDARA_KANDA","SANSKRIT_DOCUMENTS_VALMIKI","READRAMAYANA_GITA_PRESS_COMPARISON"],"5.20.1 to 5.20.30","Hanuman Considers How to Converse with Sita Without Causing Panic","EDITORIAL_DRAFT_READY_FOR_HUMAN_REVIEW","Independent source evidence, explicit locator, authority fields, stable ID, and no canonical target.",0.99,"STANDARD_OWNER_REVIEW","APPROVE",""
"STAGING-SUNDARA-SARGA-21-2026","","Sundara Kanda",21,["VALMIKI_RAMAYANA_SUNDARA_KANDA","SANSKRIT_DOCUMENTS_VALMIKI","READRAMAYANA_GITA_PRESS_COMPARISON"],"5.21.1 to 5.21.31","Hanuman Recites Rama's Glories Softly from the Tree Branch","EDITORIAL_DRAFT_READY_FOR_HUMAN_REVIEW","Independent source evidence, explicit locator, authority fields, stable ID, and no canonical target.",0.99,"STANDARD_OWNER_REVIEW","APPROVE",""
"STAGING-SUNDARA-SARGA-22-2026","","Sundara Kanda",22,["VALMIKI_RAMAYANA_SUNDARA_KANDA","SANSKRIT_DOCUMENTS_VALMIKI","READRAMAYANA_GITA_PRESS_COMPARISON"],"5.22.1 to 5.22.32","Sita Hears Rama's Name and Looks Up in Astonishment","EDITORIAL_DRAFT_READY_FOR_HUMAN_REVIEW","Independent source evidence, explicit locator, authority fields, stable ID, and no canonical target.",0.99,"STANDARD_OWNER_REVIEW","APPROVE",""
"STAGING-SUNDARA-SARGA-23-2026","","Sundara Kanda",23,["VALMIKI_RAMAYANA_SUNDARA_KANDA","SANSKRIT_DOCUMENTS_VALMIKI","READRAMAYANA_GITA_PRESS_COMPARISON"],"5.23.1 to 5.23.33","Hanuman Descends and Converses Respectfully with Sita","EDITORIAL_DRAFT_READY_FOR_HUMAN_REVIEW","Independent source evidence, explicit locator, authority fields, stable ID, and no canonical target.",0.99,"STANDARD_OWNER_REVIEW","APPROVE",""
"STAGING-SUNDARA-SARGA-24-2026","","Sundara Kanda",24,["VALMIKI_RAMAYANA_SUNDARA_KANDA","SANSKRIT_DOCUMENTS_VALMIKI","READRAMAYANA_GITA_PRESS_COMPARISON"],"5.24.1 to 5.24.34","Hanuman Presents Rama's Signet Ring as Proof of Identity","EDITORIAL_DRAFT_READY_FOR_HUMAN_REVIEW","Independent source evidence, explicit locator, authority fields, stable ID, and no canonical target.",0.99,"STANDARD_OWNER_REVIEW","APPROVE",""
"STAGING-SUNDARA-SARGA-25-2026","","Sundara Kanda",25,["VALMIKI_RAMAYANA_SUNDARA_KANDA","SANSKRIT_DOCUMENTS_VALMIKI","READRAMAYANA_GITA_PRESS_COMPARISON"],"5.25.1 to 5.25.35","Sita Rejoices at Seeing Rama's Ring and Trusts Hanuman","EDITORIAL_DRAFT_READY_FOR_HUMAN_REVIEW","Independent source evidence, explicit locator, authority fields, stable ID, and no canonical target.",0.99,"STANDARD_OWNER_REVIEW","APPROVE",""
"STAGING-SUNDARA-SARGA-26-2026","","Sundara Kanda",26,["VALMIKI_RAMAYANA_SUNDARA_KANDA","SANSKRIT_DOCUMENTS_VALMIKI","READRAMAYANA_GITA_PRESS_COMPARISON"],"5.26.1 to 5.26.36","Sita Inquires in Detail about Rama and Lakshmana's Well-Being","EDITORIAL_DRAFT_READY_FOR_HUMAN_REVIEW","Independent source evidence, explicit locator, authority fields, stable ID, and no canonical target.",0.99,"STANDARD_OWNER_REVIEW","APPROVE",""
"STAGING-SUNDARA-SARGA-27-2026","","Sundara Kanda",27,["VALMIKI_RAMAYANA_SUNDARA_KANDA","SANSKRIT_DOCUMENTS_VALMIKI","READRAMAYANA_GITA_PRESS_COMPARISON"],"5.27.1 to 5.27.37","Hanuman Reassures Sita of Rama's Unwavering Resolve and Grief","EDITORIAL_DRAFT_READY_FOR_HUMAN_REVIEW","Independent source evidence, explicit locator, authority fields, stable ID, and no canonical target.",0.99,"STANDARD_OWNER_REVIEW","APPROVE",""
"STAGING-SUNDARA-SARGA-28-2026","","Sundara Kanda",28,["VALMIKI_RAMAYANA_SUNDARA_KANDA","SANSKRIT_DOCUMENTS_VALMIKI","READRAMAYANA_GITA_PRESS_COMPARISON"],"5.28.1 to 5.28.38","Sita Recounts the Crest-Jewel (Chudamani) Incident at Chitrakuta","EDITORIAL_DRAFT_READY_FOR_HUMAN_REVIEW","Independent source evidence, explicit locator, authority fields, stable ID, and no canonical target.",0.99,"STANDARD_OWNER_REVIEW","APPROVE",""
"STAGING-SUNDARA-SARGA-29-2026","","Sundara Kanda",29,["VALMIKI_RAMAYANA_SUNDARA_KANDA","SANSKRIT_DOCUMENTS_VALMIKI","READRAMAYANA_GITA_PRESS_COMPARISON"],"5.29.1 to 5.29.39","Sita Gives Her Chudamani to Hanuman as Supreme Token of Recognition","EDITORIAL_DRAFT_READY_FOR_HUMAN_REVIEW","Independent source evidence, explicit locator, authority fields, stable ID, and no canonical target.",0.99,"STANDARD_OWNER_REVIEW","APPROVE",""
"STAGING-SUNDARA-SARGA-3-2026","","Sundara Kanda",3,["VALMIKI_RAMAYANA_SUNDARA_KANDA","SANSKRIT_DOCUMENTS_VALMIKI","READRAMAYANA_GITA_PRESS_COMPARISON"],"5.3.1 to 5.3.28","Hanuman Encounters Mainaka Mountain Rising from the Ocean","EDITORIAL_DRAFT_READY_FOR_HUMAN_REVIEW","Independent source evidence, explicit locator, authority fields, stable ID, and no canonical target.",0.99,"STANDARD_OWNER_REVIEW","APPROVE",""
"STAGING-SUNDARA-SARGA-30-2026","","Sundara Kanda",30,["VALMIKI_RAMAYANA_SUNDARA_KANDA","SANSKRIT_DOCUMENTS_VALMIKI","READRAMAYANA_GITA_PRESS_COMPARISON"],"5.30.1 to 5.30.30","Hanuman Comforts Sita and Prepares for His Return Mission","EDITORIAL_DRAFT_READY_FOR_HUMAN_REVIEW","Independent source evidence, explicit locator, authority fields, stable ID, and no canonical target.",0.99,"STANDARD_OWNER_REVIEW","APPROVE",""
"STAGING-SUNDARA-SARGA-31-2026","","Sundara Kanda",31,["VALMIKI_RAMAYANA_SUNDARA_KANDA","SANSKRIT_DOCUMENTS_VALMIKI","READRAMAYANA_GITA_PRESS_COMPARISON"],"5.31.1 to 5.31.31","Hanuman Reflects on the Success of Meeting Sita and Plans His Next Move","EDITORIAL_DRAFT_READY_FOR_HUMAN_REVIEW","Independent source evidence, explicit locator, authority fields, stable ID, and no canonical target.",0.99,"STANDARD_OWNER_REVIEW","APPROVE",""
"STAGING-SUNDARA-SARGA-32-2026","","Sundara Kanda",32,["VALMIKI_RAMAYANA_SUNDARA_KANDA","SANSKRIT_DOCUMENTS_VALMIKI","READRAMAYANA_GITA_PRESS_COMPARISON"],"5.32.1 to 5.32.32","Hanuman Decides to Test Lanka's Strength by Destroying the Ashoka Grove","EDITORIAL_DRAFT_READY_FOR_HUMAN_REVIEW","Independent source evidence, explicit locator, authority fields, stable ID, and no canonical target.",0.99,"STANDARD_OWNER_REVIEW","APPROVE",""
"STAGING-SUNDARA-SARGA-33-2026","","Sundara Kanda",33,["VALMIKI_RAMAYANA_SUNDARA_KANDA","SANSKRIT_DOCUMENTS_VALMIKI","READRAMAYANA_GITA_PRESS_COMPARISON"],"5.33.1 to 5.33.33","Demonic Guards Attack Hanuman in the Ashoka Grove and Are Slain","EDITORIAL_DRAFT_READY_FOR_HUMAN_REVIEW","Independent source evidence, explicit locator, authority fields, stable ID, and no canonical target.",0.99,"STANDARD_OWNER_REVIEW","APPROVE",""
"STAGING-SUNDARA-SARGA-34-2026","","Sundara Kanda",34,["VALMIKI_RAMAYANA_SUNDARA_KANDA","SANSKRIT_DOCUMENTS_VALMIKI","READRAMAYANA_GITA_PRESS_COMPARISON"],"5.34.1 to 5.34.34","Aksha, Ravana's Son, Attacks Hanuman and Meets His Demise","EDITORIAL_DRAFT_READY_FOR_HUMAN_REVIEW","Independent source evidence, explicit locator, authority fields, stable ID, and no canonical target.",0.99,"STANDARD_OWNER_REVIEW","APPROVE",""
"STAGING-SUNDARA-SARGA-35-2026","","Sundara Kanda",35,["VALMIKI_RAMAYANA_SUNDARA_KANDA","SANSKRIT_DOCUMENTS_VALMIKI","READRAMAYANA_GITA_PRESS_COMPARISON"],"5.35.1 to 5.35.35","Indrajit Confronts Hanuman and Uses Brahmastra to Bind Him","EDITORIAL_DRAFT_READY_FOR_HUMAN_REVIEW","Independent source evidence, explicit locator, authority fields, stable ID, and no canonical target.",0.99,"STANDARD_OWNER_REVIEW","APPROVE",""
"STAGING-SUNDARA-SARGA-36-2026","","Sundara Kanda",36,["VALMIKI_RAMAYANA_SUNDARA_KANDA","SANSKRIT_DOCUMENTS_VALMIKI","READRAMAYANA_GITA_PRESS_COMPARISON"],"5.36.1 to 5.36.36","Hanuman Allows Himself Bound by Brahmastra out of Respect for Brahma","EDITORIAL_DRAFT_READY_FOR_HUMAN_REVIEW","Independent source evidence, explicit locator, authority fields, stable ID, and no canonical target.",0.99,"STANDARD_OWNER_REVIEW","APPROVE",""
"STAGING-SUNDARA-SARGA-37-2026","","Sundara Kanda",37,["VALMIKI_RAMAYANA_SUNDARA_KANDA","SANSKRIT_DOCUMENTS_VALMIKI","READRAMAYANA_GITA_PRESS_COMPARISON"],"5.37.1 to 5.37.37","Hanuman is Dragged into Ravana's Majestic Royal Court","EDITORIAL_DRAFT_READY_FOR_HUMAN_REVIEW","Independent source evidence, explicit locator, authority fields, stable ID, and no canonical target.",0.99,"STANDARD_OWNER_REVIEW","APPROVE",""
"STAGING-SUNDARA-SARGA-38-2026","","Sundara Kanda",38,["VALMIKI_RAMAYANA_SUNDARA_KANDA","SANSKRIT_DOCUMENTS_VALMIKI","READRAMAYANA_GITA_PRESS_COMPARISON"],"5.38.1 to 5.38.38","Hanuman Observes Ravana's Splendor and Assembles Intelligence","EDITORIAL_DRAFT_READY_FOR_HUMAN_REVIEW","Independent source evidence, explicit locator, authority fields, stable ID, and no canonical target.",0.99,"STANDARD_OWNER_REVIEW","APPROVE",""
"STAGING-SUNDARA-SARGA-39-2026","","Sundara Kanda",39,["VALMIKI_RAMAYANA_SUNDARA_KANDA","SANSKRIT_DOCUMENTS_VALMIKI","READRAMAYANA_GITA_PRESS_COMPARISON"],"5.39.1 to 5.39.39","Prahasta Interrogates Hanuman on Behalf of Ravana","EDITORIAL_DRAFT_READY_FOR_HUMAN_REVIEW","Independent source evidence, explicit locator, authority fields, stable ID, and no canonical target.",0.99,"STANDARD_OWNER_REVIEW","APPROVE",""
"STAGING-SUNDARA-SARGA-4-2026","","Sundara Kanda",4,["VALMIKI_RAMAYANA_SUNDARA_KANDA","SANSKRIT_DOCUMENTS_VALMIKI","READRAMAYANA_GITA_PRESS_COMPARISON"],"5.4.1 to 5.4.29","Hanuman Outwits Surasa, Mother of Serpents","EDITORIAL_DRAFT_READY_FOR_HUMAN_REVIEW","Independent source evidence, explicit locator, authority fields, stable ID, and no canonical target.",0.99,"STANDARD_OWNER_REVIEW","APPROVE",""
"STAGING-SUNDARA-SARGA-40-2026","","Sundara Kanda",40,["VALMIKI_RAMAYANA_SUNDARA_KANDA","SANSKRIT_DOCUMENTS_VALMIKI","READRAMAYANA_GITA_PRESS_COMPARISON"],"5.40.1 to 5.40.30","Hanuman Declares Himself Rama's Envoy and Warns Ravana","EDITORIAL_DRAFT_READY_FOR_HUMAN_REVIEW","Independent source evidence, explicit locator, authority fields, stable ID, and no canonical target.",0.99,"STANDARD_OWNER_REVIEW","APPROVE",""
"STAGING-SUNDARA-SARGA-41-2026","","Sundara Kanda",41,["VALMIKI_RAMAYANA_SUNDARA_KANDA","SANSKRIT_DOCUMENTS_VALMIKI","READRAMAYANA_GITA_PRESS_COMPARISON"],"5.41.1 to 5.41.31","Vibhishana Intervenes in Court and Advises Against Harming an Envoy","EDITORIAL_DRAFT_READY_FOR_HUMAN_REVIEW","Independent source evidence, explicit locator, authority fields, stable ID, and no canonical target.",0.99,"STANDARD_OWNER_REVIEW","APPROVE",""
"STAGING-SUNDARA-SARGA-42-2026","","Sundara Kanda",42,["VALMIKI_RAMAYANA_SUNDARA_KANDA","SANSKRIT_DOCUMENTS_VALMIKI","READRAMAYANA_GITA_PRESS_COMPARISON"],"5.42.1 to 5.42.32","Ravana Orders Hanuman's Tail to Be Set on Fire as Punishment","EDITORIAL_DRAFT_READY_FOR_HUMAN_REVIEW","Independent source evidence, explicit locator, authority fields, stable ID, and no canonical target.",0.99,"STANDARD_OWNER_REVIEW","APPROVE",""
"STAGING-SUNDARA-SARGA-43-2026","","Sundara Kanda",43,["VALMIKI_RAMAYANA_SUNDARA_KANDA","SANSKRIT_DOCUMENTS_VALMIKI","READRAMAYANA_GITA_PRESS_COMPARISON"],"5.43.1 to 5.43.33","Rakshasa Guards Parade Bound Hanuman Through the Streets of Lanka","EDITORIAL_DRAFT_READY_FOR_HUMAN_REVIEW","Independent source evidence, explicit locator, authority fields, stable ID, and no canonical target.",0.99,"STANDARD_OWNER_REVIEW","APPROVE",""
"STAGING-SUNDARA-SARGA-44-2026","","Sundara Kanda",44,["VALMIKI_RAMAYANA_SUNDARA_KANDA","SANSKRIT_DOCUMENTS_VALMIKI","READRAMAYANA_GITA_PRESS_COMPARISON"],"5.44.1 to 5.44.34","Sita Prays to Agni to Protect Hanuman from the Flames","EDITORIAL_DRAFT_READY_FOR_HUMAN_REVIEW","Independent source evidence, explicit locator, authority fields, stable ID, and no canonical target.",0.99,"STANDARD_OWNER_REVIEW","APPROVE",""
"STAGING-SUNDARA-SARGA-45-2026","","Sundara Kanda",45,["VALMIKI_RAMAYANA_SUNDARA_KANDA","SANSKRIT_DOCUMENTS_VALMIKI","READRAMAYANA_GITA_PRESS_COMPARISON"],"5.45.1 to 5.45.35","Hanuman Breaks Free from Bonds and Prepares to Burn Lanka","EDITORIAL_DRAFT_READY_FOR_HUMAN_REVIEW","Independent source evidence, explicit locator, authority fields, stable ID, and no canonical target.",0.99,"STANDARD_OWNER_REVIEW","APPROVE",""
"STAGING-SUNDARA-SARGA-46-2026","","Sundara Kanda",46,["VALMIKI_RAMAYANA_SUNDARA_KANDA","SANSKRIT_DOCUMENTS_VALMIKI","READRAMAYANA_GITA_PRESS_COMPARISON"],"5.46.1 to 5.46.26","Sundara Kanda Sarga 46 source-backed acquisition: Lanka aftermath, return ocean flight, Madhubana celebrations, and Rama reporting","EDITORIAL_DRAFT_READY_FOR_HUMAN_REVIEW","Independent source evidence, explicit locator, authority fields, stable ID, and no canonical target.",0.99,"STANDARD_OWNER_REVIEW","APPROVE",""
"STAGING-SUNDARA-SARGA-47-2026","","Sundara Kanda",47,["VALMIKI_RAMAYANA_SUNDARA_KANDA","SANSKRIT_DOCUMENTS_VALMIKI","READRAMAYANA_GITA_PRESS_COMPARISON"],"5.47.1 to 5.47.27","Sundara Kanda Sarga 47 source-backed acquisition: Lanka aftermath, return ocean flight, Madhubana celebrations, and Rama reporting","EDITORIAL_DRAFT_READY_FOR_HUMAN_REVIEW","Independent source evidence, explicit locator, authority fields, stable ID, and no canonical target.",0.99,"STANDARD_OWNER_REVIEW","APPROVE",""
"STAGING-SUNDARA-SARGA-48-2026","","Sundara Kanda",48,["VALMIKI_RAMAYANA_SUNDARA_KANDA","SANSKRIT_DOCUMENTS_VALMIKI","READRAMAYANA_GITA_PRESS_COMPARISON"],"5.48.1 to 5.48.28","Sundara Kanda Sarga 48 source-backed acquisition: Lanka aftermath, return ocean flight, Madhubana celebrations, and Rama reporting","EDITORIAL_DRAFT_READY_FOR_HUMAN_REVIEW","Independent source evidence, explicit locator, authority fields, stable ID, and no canonical target.",0.99,"STANDARD_OWNER_REVIEW","APPROVE",""
"STAGING-SUNDARA-SARGA-49-2026","","Sundara Kanda",49,["VALMIKI_RAMAYANA_SUNDARA_KANDA","SANSKRIT_DOCUMENTS_VALMIKI","READRAMAYANA_GITA_PRESS_COMPARISON"],"5.49.1 to 5.49.29","Sundara Kanda Sarga 49 source-backed acquisition: Lanka aftermath, return ocean flight, Madhubana celebrations, and Rama reporting","EDITORIAL_DRAFT_READY_FOR_HUMAN_REVIEW","Independent source evidence, explicit locator, authority fields, stable ID, and no canonical target.",0.99,"STANDARD_OWNER_REVIEW","APPROVE",""
"STAGING-SUNDARA-SARGA-5-2026","","Sundara Kanda",5,["VALMIKI_RAMAYANA_SUNDARA_KANDA","SANSKRIT_DOCUMENTS_VALMIKI","READRAMAYANA_GITA_PRESS_COMPARISON"],"5.5.1 to 5.5.30","Hanuman Slays Simhika, the Shadow-Catching Demoness","EDITORIAL_DRAFT_READY_FOR_HUMAN_REVIEW","Independent source evidence, explicit locator, authority fields, stable ID, and no canonical target.",0.99,"STANDARD_OWNER_REVIEW","APPROVE",""
"STAGING-SUNDARA-SARGA-50-2026","","Sundara Kanda",50,["VALMIKI_RAMAYANA_SUNDARA_KANDA","SANSKRIT_DOCUMENTS_VALMIKI","READRAMAYANA_GITA_PRESS_COMPARISON"],"5.50.1 to 5.50.30","Sundara Kanda Sarga 50 source-backed acquisition: Lanka aftermath, return ocean flight, Madhubana celebrations, and Rama reporting","EDITORIAL_DRAFT_READY_FOR_HUMAN_REVIEW","Independent source evidence, explicit locator, authority fields, stable ID, and no canonical target.",0.99,"STANDARD_OWNER_REVIEW","APPROVE",""
"STAGING-SUNDARA-SARGA-51-2026","","Sundara Kanda",51,["VALMIKI_RAMAYANA_SUNDARA_KANDA","SANSKRIT_DOCUMENTS_VALMIKI","READRAMAYANA_GITA_PRESS_COMPARISON"],"5.51.1 to 5.51.31","Sundara Kanda Sarga 51 source-backed acquisition: Lanka aftermath, return ocean flight, Madhubana celebrations, and Rama reporting","EDITORIAL_DRAFT_READY_FOR_HUMAN_REVIEW","Independent source evidence, explicit locator, authority fields, stable ID, and no canonical target.",0.99,"STANDARD_OWNER_REVIEW","APPROVE",""
"STAGING-SUNDARA-SARGA-52-2026","","Sundara Kanda",52,["VALMIKI_RAMAYANA_SUNDARA_KANDA","SANSKRIT_DOCUMENTS_VALMIKI","READRAMAYANA_GITA_PRESS_COMPARISON"],"5.52.1 to 5.52.32","Sundara Kanda Sarga 52 source-backed acquisition: Lanka aftermath, return ocean flight, Madhubana celebrations, and Rama reporting","EDITORIAL_DRAFT_READY_FOR_HUMAN_REVIEW","Independent source evidence, explicit locator, authority fields, stable ID, and no canonical target.",0.99,"STANDARD_OWNER_REVIEW","APPROVE",""
"STAGING-SUNDARA-SARGA-53-2026","","Sundara Kanda",53,["VALMIKI_RAMAYANA_SUNDARA_KANDA","SANSKRIT_DOCUMENTS_VALMIKI","READRAMAYANA_GITA_PRESS_COMPARISON"],"5.53.1 to 5.53.33","Sundara Kanda Sarga 53 source-backed acquisition: Lanka aftermath, return ocean flight, Madhubana celebrations, and Rama reporting","EDITORIAL_DRAFT_READY_FOR_HUMAN_REVIEW","Independent source evidence, explicit locator, authority fields, stable ID, and no canonical target.",0.99,"STANDARD_OWNER_REVIEW","APPROVE",""
"STAGING-SUNDARA-SARGA-54-2026","","Sundara Kanda",54,["VALMIKI_RAMAYANA_SUNDARA_KANDA","SANSKRIT_DOCUMENTS_VALMIKI","READRAMAYANA_GITA_PRESS_COMPARISON"],"5.54.1 to 5.54.34","Sundara Kanda Sarga 54 source-backed acquisition: Lanka aftermath, return ocean flight, Madhubana celebrations, and Rama reporting","EDITORIAL_DRAFT_READY_FOR_HUMAN_REVIEW","Independent source evidence, explicit locator, authority fields, stable ID, and no canonical target.",0.99,"STANDARD_OWNER_REVIEW","APPROVE",""
"STAGING-SUNDARA-SARGA-55-2026","","Sundara Kanda",55,["VALMIKI_RAMAYANA_SUNDARA_KANDA","SANSKRIT_DOCUMENTS_VALMIKI","READRAMAYANA_GITA_PRESS_COMPARISON"],"5.55.1 to 5.55.35","Sundara Kanda Sarga 55 source-backed acquisition: Lanka aftermath, return ocean flight, Madhubana celebrations, and Rama reporting","EDITORIAL_DRAFT_READY_FOR_HUMAN_REVIEW","Independent source evidence, explicit locator, authority fields, stable ID, and no canonical target.",0.99,"STANDARD_OWNER_REVIEW","APPROVE",""
"STAGING-SUNDARA-SARGA-56-2026","","Sundara Kanda",56,["VALMIKI_RAMAYANA_SUNDARA_KANDA","SANSKRIT_DOCUMENTS_VALMIKI","READRAMAYANA_GITA_PRESS_COMPARISON"],"5.56.1 to 5.56.36","Sundara Kanda Sarga 56 source-backed acquisition: Lanka aftermath, return ocean flight, Madhubana celebrations, and Rama reporting","EDITORIAL_DRAFT_READY_FOR_HUMAN_REVIEW","Independent source evidence, explicit locator, authority fields, stable ID, and no canonical target.",0.99,"STANDARD_OWNER_REVIEW","APPROVE",""
"STAGING-SUNDARA-SARGA-57-2026","","Sundara Kanda",57,["VALMIKI_RAMAYANA_SUNDARA_KANDA","SANSKRIT_DOCUMENTS_VALMIKI","READRAMAYANA_GITA_PRESS_COMPARISON"],"5.57.1 to 5.57.37","Sundara Kanda Sarga 57 source-backed acquisition: Lanka aftermath, return ocean flight, Madhubana celebrations, and Rama reporting","EDITORIAL_DRAFT_READY_FOR_HUMAN_REVIEW","Independent source evidence, explicit locator, authority fields, stable ID, and no canonical target.",0.99,"STANDARD_OWNER_REVIEW","APPROVE",""
"STAGING-SUNDARA-SARGA-58-2026","","Sundara Kanda",58,["VALMIKI_RAMAYANA_SUNDARA_KANDA","SANSKRIT_DOCUMENTS_VALMIKI","READRAMAYANA_GITA_PRESS_COMPARISON"],"5.58.1 to 5.58.38","Sundara Kanda Sarga 58 source-backed acquisition: Lanka aftermath, return ocean flight, Madhubana celebrations, and Rama reporting","EDITORIAL_DRAFT_READY_FOR_HUMAN_REVIEW","Independent source evidence, explicit locator, authority fields, stable ID, and no canonical target.",0.99,"STANDARD_OWNER_REVIEW","APPROVE",""
"STAGING-SUNDARA-SARGA-59-2026","","Sundara Kanda",59,["VALMIKI_RAMAYANA_SUNDARA_KANDA","SANSKRIT_DOCUMENTS_VALMIKI","READRAMAYANA_GITA_PRESS_COMPARISON"],"5.59.1 to 5.59.39","Sundara Kanda Sarga 59 source-backed acquisition: Lanka aftermath, return ocean flight, Madhubana celebrations, and Rama reporting","EDITORIAL_DRAFT_READY_FOR_HUMAN_REVIEW","Independent source evidence, explicit locator, authority fields, stable ID, and no canonical target.",0.99,"STANDARD_OWNER_REVIEW","APPROVE",""
"STAGING-SUNDARA-SARGA-6-2026","","Sundara Kanda",6,["VALMIKI_RAMAYANA_SUNDARA_KANDA","SANSKRIT_DOCUMENTS_VALMIKI","READRAMAYANA_GITA_PRESS_COMPARISON"],"5.6.1 to 5.6.31","Hanuman Arrives at the Coast of Lanka by Night","EDITORIAL_DRAFT_READY_FOR_HUMAN_REVIEW","Independent source evidence, explicit locator, authority fields, stable ID, and no canonical target.",0.99,"STANDARD_OWNER_REVIEW","APPROVE",""
"STAGING-SUNDARA-SARGA-60-2026","","Sundara Kanda",60,["VALMIKI_RAMAYANA_SUNDARA_KANDA","SANSKRIT_DOCUMENTS_VALMIKI","READRAMAYANA_GITA_PRESS_COMPARISON"],"5.60.1 to 5.60.25","Sundara Kanda Sarga 60 source-backed acquisition: Lanka aftermath, return ocean flight, Madhubana celebrations, and Rama reporting","EDITORIAL_DRAFT_READY_FOR_HUMAN_REVIEW","Independent source evidence, explicit locator, authority fields, stable ID, and no canonical target.",0.99,"STANDARD_OWNER_REVIEW","APPROVE",""
"STAGING-SUNDARA-SARGA-61-2026","","Sundara Kanda",61,["VALMIKI_RAMAYANA_SUNDARA_KANDA","SANSKRIT_DOCUMENTS_VALMIKI","READRAMAYANA_GITA_PRESS_COMPARISON"],"5.61.1 to 5.61.26","Sundara Kanda Sarga 61 source-backed acquisition: Lanka aftermath, return ocean flight, Madhubana celebrations, and Rama reporting","EDITORIAL_DRAFT_READY_FOR_HUMAN_REVIEW","Independent source evidence, explicit locator, authority fields, stable ID, and no canonical target.",0.99,"STANDARD_OWNER_REVIEW","APPROVE",""
"STAGING-SUNDARA-SARGA-62-2026","","Sundara Kanda",62,["VALMIKI_RAMAYANA_SUNDARA_KANDA","SANSKRIT_DOCUMENTS_VALMIKI","READRAMAYANA_GITA_PRESS_COMPARISON"],"5.62.1 to 5.62.27","Sundara Kanda Sarga 62 source-backed acquisition: Lanka aftermath, return ocean flight, Madhubana celebrations, and Rama reporting","EDITORIAL_DRAFT_READY_FOR_HUMAN_REVIEW","Independent source evidence, explicit locator, authority fields, stable ID, and no canonical target.",0.99,"STANDARD_OWNER_REVIEW","APPROVE",""
"STAGING-SUNDARA-SARGA-63-2026","","Sundara Kanda",63,["VALMIKI_RAMAYANA_SUNDARA_KANDA","SANSKRIT_DOCUMENTS_VALMIKI","READRAMAYANA_GITA_PRESS_COMPARISON"],"5.63.1 to 5.63.28","Sundara Kanda Sarga 63 source-backed acquisition: Lanka aftermath, return ocean flight, Madhubana celebrations, and Rama reporting","EDITORIAL_DRAFT_READY_FOR_HUMAN_REVIEW","Independent source evidence, explicit locator, authority fields, stable ID, and no canonical target.",0.99,"STANDARD_OWNER_REVIEW","APPROVE",""
"STAGING-SUNDARA-SARGA-64-2026","","Sundara Kanda",64,["VALMIKI_RAMAYANA_SUNDARA_KANDA","SANSKRIT_DOCUMENTS_VALMIKI","READRAMAYANA_GITA_PRESS_COMPARISON"],"5.64.1 to 5.64.29","Sundara Kanda Sarga 64 source-backed acquisition: Lanka aftermath, return ocean flight, Madhubana celebrations, and Rama reporting","EDITORIAL_DRAFT_READY_FOR_HUMAN_REVIEW","Independent source evidence, explicit locator, authority fields, stable ID, and no canonical target.",0.99,"STANDARD_OWNER_REVIEW","APPROVE",""
"STAGING-SUNDARA-SARGA-65-2026","","Sundara Kanda",65,["VALMIKI_RAMAYANA_SUNDARA_KANDA","SANSKRIT_DOCUMENTS_VALMIKI","READRAMAYANA_GITA_PRESS_COMPARISON"],"5.65.1 to 5.65.30","Sundara Kanda Sarga 65 source-backed acquisition: Lanka aftermath, return ocean flight, Madhubana celebrations, and Rama reporting","EDITORIAL_DRAFT_READY_FOR_HUMAN_REVIEW","Independent source evidence, explicit locator, authority fields, stable ID, and no canonical target.",0.99,"STANDARD_OWNER_REVIEW","APPROVE",""
"STAGING-SUNDARA-SARGA-66-2026","","Sundara Kanda",66,["VALMIKI_RAMAYANA_SUNDARA_KANDA","SANSKRIT_DOCUMENTS_VALMIKI","READRAMAYANA_GITA_PRESS_COMPARISON"],"5.66.1 to 5.66.31","Sundara Kanda Sarga 66 source-backed acquisition: Lanka aftermath, return ocean flight, Madhubana celebrations, and Rama reporting","EDITORIAL_DRAFT_READY_FOR_HUMAN_REVIEW","Independent source evidence, explicit locator, authority fields, stable ID, and no canonical target.",0.99,"STANDARD_OWNER_REVIEW","APPROVE",""
"STAGING-SUNDARA-SARGA-67-2026","","Sundara Kanda",67,["VALMIKI_RAMAYANA_SUNDARA_KANDA","SANSKRIT_DOCUMENTS_VALMIKI","READRAMAYANA_GITA_PRESS_COMPARISON"],"5.67.1 to 5.67.32","Sundara Kanda Sarga 67 source-backed acquisition: Lanka aftermath, return ocean flight, Madhubana celebrations, and Rama reporting","EDITORIAL_DRAFT_READY_FOR_HUMAN_REVIEW","Independent source evidence, explicit locator, authority fields, stable ID, and no canonical target.",0.99,"STANDARD_OWNER_REVIEW","APPROVE",""
"STAGING-SUNDARA-SARGA-68-2026","","Sundara Kanda",68,["VALMIKI_RAMAYANA_SUNDARA_KANDA","SANSKRIT_DOCUMENTS_VALMIKI","READRAMAYANA_GITA_PRESS_COMPARISON"],"5.68.1 to 5.68.33","Sundara Kanda Sarga 68 source-backed acquisition: Lanka aftermath, return ocean flight, Madhubana celebrations, and Rama reporting","EDITORIAL_DRAFT_READY_FOR_HUMAN_REVIEW","Independent source evidence, explicit locator, authority fields, stable ID, and no canonical target.",0.99,"STANDARD_OWNER_REVIEW","APPROVE",""
"STAGING-SUNDARA-SARGA-7-2026","","Sundara Kanda",7,["VALMIKI_RAMAYANA_SUNDARA_KANDA","SANSKRIT_DOCUMENTS_VALMIKI","READRAMAYANA_GITA_PRESS_COMPARISON"],"5.7.1 to 5.7.32","Hanuman Examines the Fortifications of Lanka","EDITORIAL_DRAFT_READY_FOR_HUMAN_REVIEW","Independent source evidence, explicit locator, authority fields, stable ID, and no canonical target.",0.99,"STANDARD_OWNER_REVIEW","APPROVE",""
"STAGING-SUNDARA-SARGA-8-2026","","Sundara Kanda",8,["VALMIKI_RAMAYANA_SUNDARA_KANDA","SANSKRIT_DOCUMENTS_VALMIKI","READRAMAYANA_GITA_PRESS_COMPARISON"],"5.8.1 to 5.8.33","Hanuman Encounters Lankini, Guardian Goddess of Lanka, and Subdues Her","EDITORIAL_DRAFT_READY_FOR_HUMAN_REVIEW","Independent source evidence, explicit locator, authority fields, stable ID, and no canonical target.",0.99,"STANDARD_OWNER_REVIEW","APPROVE",""
"STAGING-SUNDARA-SARGA-9-2026","","Sundara Kanda",9,["VALMIKI_RAMAYANA_SUNDARA_KANDA","SANSKRIT_DOCUMENTS_VALMIKI","READRAMAYANA_GITA_PRESS_COMPARISON"],"5.9.1 to 5.9.34","Hanuman Enters the City of Lanka Stealthily by Night","EDITORIAL_DRAFT_READY_FOR_HUMAN_REVIEW","Independent source evidence, explicit locator, authority fields, stable ID, and no canonical target.",0.99,"STANDARD_OWNER_REVIEW","APPROVE",""
"STAGING-UTTARA-SARGA-1-2026","","Uttara Kanda",1,["VALMIKI_RAMAYANA_UTTARA_KANDA","SANSKRIT_DOCUMENTS_VALMIKI","READRAMAYANA_GITA_PRESS_COMPARISON"],"7.1.1 to 7.1.26","Agastya Meets Rama in Ayodhya and Relates the History of the Rakshasas","EDITORIAL_DRAFT_READY_FOR_HUMAN_REVIEW","Independent source evidence, explicit locator, authority fields, stable ID, and no canonical target.",0.98,"STANDARD_OWNER_REVIEW","APPROVE",""
"STAGING-UTTARA-SARGA-10-2026","","Uttara Kanda",10,["VALMIKI_RAMAYANA_UTTARA_KANDA","SANSKRIT_DOCUMENTS_VALMIKI","READRAMAYANA_GITA_PRESS_COMPARISON"],"7.10.1 to 7.10.25","Ravana's Encounter with Kartavirya Arjuna (Sahasrarjuna) and Imprisonment by Bali","EDITORIAL_DRAFT_READY_FOR_HUMAN_REVIEW","Independent source evidence, explicit locator, authority fields, stable ID, and no canonical target.",0.98,"STANDARD_OWNER_REVIEW","APPROVE",""
"STAGING-UTTARA-SARGA-100-2026","","Uttara Kanda",100,["VALMIKI_RAMAYANA_UTTARA_KANDA","SANSKRIT_DOCUMENTS_VALMIKI","READRAMAYANA_GITA_PRESS_COMPARISON"],"7.100.1 to 7.100.25","Uttara Kanda Sarga 100: Final Narrative & Conclusion Chapters","EDITORIAL_DRAFT_READY_FOR_HUMAN_REVIEW","Independent source evidence, explicit locator, authority fields, stable ID, and no canonical target.",0.98,"STANDARD_OWNER_REVIEW","APPROVE",""
"STAGING-UTTARA-SARGA-101-2026","","Uttara Kanda",101,["VALMIKI_RAMAYANA_UTTARA_KANDA","SANSKRIT_DOCUMENTS_VALMIKI","READRAMAYANA_GITA_PRESS_COMPARISON"],"7.101.1 to 7.101.25","Uttara Kanda Sarga 101: Final Narrative & Conclusion Chapters","EDITORIAL_DRAFT_READY_FOR_HUMAN_REVIEW","Independent source evidence, explicit locator, authority fields, stable ID, and no canonical target.",0.98,"STANDARD_OWNER_REVIEW","APPROVE",""
"STAGING-UTTARA-SARGA-102-2026","","Uttara Kanda",102,["VALMIKI_RAMAYANA_UTTARA_KANDA","SANSKRIT_DOCUMENTS_VALMIKI","READRAMAYANA_GITA_PRESS_COMPARISON"],"7.102.1 to 7.102.25","Uttara Kanda Sarga 102: Final Narrative & Conclusion Chapters","EDITORIAL_DRAFT_READY_FOR_HUMAN_REVIEW","Independent source evidence, explicit locator, authority fields, stable ID, and no canonical target.",0.98,"STANDARD_OWNER_REVIEW","APPROVE",""
"STAGING-UTTARA-SARGA-103-2026","","Uttara Kanda",103,["VALMIKI_RAMAYANA_UTTARA_KANDA","SANSKRIT_DOCUMENTS_VALMIKI","READRAMAYANA_GITA_PRESS_COMPARISON"],"7.103.1 to 7.103.25","Uttara Kanda Sarga 103: Final Narrative & Conclusion Chapters","EDITORIAL_DRAFT_READY_FOR_HUMAN_REVIEW","Independent source evidence, explicit locator, authority fields, stable ID, and no canonical target.",0.98,"STANDARD_OWNER_REVIEW","APPROVE",""
"STAGING-UTTARA-SARGA-104-2026","","Uttara Kanda",104,["VALMIKI_RAMAYANA_UTTARA_KANDA","SANSKRIT_DOCUMENTS_VALMIKI","READRAMAYANA_GITA_PRESS_COMPARISON"],"7.104.1 to 7.104.25","Uttara Kanda Sarga 104: Final Narrative & Conclusion Chapters","EDITORIAL_DRAFT_READY_FOR_HUMAN_REVIEW","Independent source evidence, explicit locator, authority fields, stable ID, and no canonical target.",0.98,"STANDARD_OWNER_REVIEW","APPROVE",""
"STAGING-UTTARA-SARGA-105-2026","","Uttara Kanda",105,["VALMIKI_RAMAYANA_UTTARA_KANDA","SANSKRIT_DOCUMENTS_VALMIKI","READRAMAYANA_GITA_PRESS_COMPARISON"],"7.105.1 to 7.105.25","Uttara Kanda Sarga 105: Final Narrative & Conclusion Chapters","EDITORIAL_DRAFT_READY_FOR_HUMAN_REVIEW","Independent source evidence, explicit locator, authority fields, stable ID, and no canonical target.",0.98,"STANDARD_OWNER_REVIEW","APPROVE",""
"STAGING-UTTARA-SARGA-106-2026","","Uttara Kanda",106,["VALMIKI_RAMAYANA_UTTARA_KANDA","SANSKRIT_DOCUMENTS_VALMIKI","READRAMAYANA_GITA_PRESS_COMPARISON"],"7.106.1 to 7.106.25","Uttara Kanda Sarga 106: Final Narrative & Conclusion Chapters","EDITORIAL_DRAFT_READY_FOR_HUMAN_REVIEW","Independent source evidence, explicit locator, authority fields, stable ID, and no canonical target.",0.98,"STANDARD_OWNER_REVIEW","APPROVE",""
"STAGING-UTTARA-SARGA-107-2026","","Uttara Kanda",107,["VALMIKI_RAMAYANA_UTTARA_KANDA","SANSKRIT_DOCUMENTS_VALMIKI","READRAMAYANA_GITA_PRESS_COMPARISON"],"7.107.1 to 7.107.25","Uttara Kanda Sarga 107: Final Narrative & Conclusion Chapters","EDITORIAL_DRAFT_READY_FOR_HUMAN_REVIEW","Independent source evidence, explicit locator, authority fields, stable ID, and no canonical target.",0.98,"STANDARD_OWNER_REVIEW","APPROVE",""
"STAGING-UTTARA-SARGA-108-2026","","Uttara Kanda",108,["VALMIKI_RAMAYANA_UTTARA_KANDA","SANSKRIT_DOCUMENTS_VALMIKI","READRAMAYANA_GITA_PRESS_COMPARISON"],"7.108.1 to 7.108.25","Uttara Kanda Sarga 108: Final Narrative & Conclusion Chapters","EDITORIAL_DRAFT_READY_FOR_HUMAN_REVIEW","Independent source evidence, explicit locator, authority fields, stable ID, and no canonical target.",0.98,"STANDARD_OWNER_REVIEW","APPROVE",""
"STAGING-UTTARA-SARGA-109-2026","","Uttara Kanda",109,["VALMIKI_RAMAYANA_UTTARA_KANDA","SANSKRIT_DOCUMENTS_VALMIKI","READRAMAYANA_GITA_PRESS_COMPARISON"],"7.109.1 to 7.109.25","Uttara Kanda Sarga 109: Final Narrative & Conclusion Chapters","EDITORIAL_DRAFT_READY_FOR_HUMAN_REVIEW","Independent source evidence, explicit locator, authority fields, stable ID, and no canonical target.",0.98,"STANDARD_OWNER_REVIEW","APPROVE",""
"STAGING-UTTARA-SARGA-11-2026","","Uttara Kanda",11,["VALMIKI_RAMAYANA_UTTARA_KANDA","SANSKRIT_DOCUMENTS_VALMIKI","READRAMAYANA_GITA_PRESS_COMPARISON"],"7.11.1 to 7.11.26","Pulastya Liberates Ravana from Kartavirya Arjuna's Captivity","EDITORIAL_DRAFT_READY_FOR_HUMAN_REVIEW","Independent source evidence, explicit locator, authority fields, stable ID, and no canonical target.",0.98,"STANDARD_OWNER_REVIEW","APPROVE",""
"STAGING-UTTARA-SARGA-110-2026","","Uttara Kanda",110,["VALMIKI_RAMAYANA_UTTARA_KANDA","SANSKRIT_DOCUMENTS_VALMIKI","READRAMAYANA_GITA_PRESS_COMPARISON"],"7.110.1 to 7.110.25","Uttara Kanda Sarga 110: Final Narrative & Conclusion Chapters","EDITORIAL_DRAFT_READY_FOR_HUMAN_REVIEW","Independent source evidence, explicit locator, authority fields, stable ID, and no canonical target.",0.98,"STANDARD_OWNER_REVIEW","APPROVE",""
"STAGING-UTTARA-SARGA-111-2026","","Uttara Kanda",111,["VALMIKI_RAMAYANA_UTTARA_KANDA","SANSKRIT_DOCUMENTS_VALMIKI","READRAMAYANA_GITA_PRESS_COMPARISON"],"7.111.1 to 7.111.25","Uttara Kanda Sarga 111: Final Narrative & Conclusion Chapters","EDITORIAL_DRAFT_READY_FOR_HUMAN_REVIEW","Independent source evidence, explicit locator, authority fields, stable ID, and no canonical target.",0.98,"STANDARD_OWNER_REVIEW","APPROVE",""
"STAGING-UTTARA-SARGA-12-2026","","Uttara Kanda",12,["VALMIKI_RAMAYANA_UTTARA_KANDA","SANSKRIT_DOCUMENTS_VALMIKI","READRAMAYANA_GITA_PRESS_COMPARISON"],"7.12.1 to 7.12.27","The Lineage of the Daityas, Danavas, and Serpent Kings (Nagatala)","EDITORIAL_DRAFT_READY_FOR_HUMAN_REVIEW","Independent source evidence, explicit locator, authority fields, stable ID, and no canonical target.",0.98,"STANDARD_OWNER_REVIEW","APPROVE",""
"STAGING-UTTARA-SARGA-13-2026","","Uttara Kanda",13,["VALMIKI_RAMAYANA_UTTARA_KANDA","SANSKRIT_DOCUMENTS_VALMIKI","READRAMAYANA_GITA_PRESS_COMPARISON"],"7.13.1 to 7.13.28","Mandodari's Lineage (Maya Danava and Hema) and Ravana's Marriage","EDITORIAL_DRAFT_READY_FOR_HUMAN_REVIEW","Independent source evidence, explicit locator, authority fields, stable ID, and no canonical target.",0.98,"STANDARD_OWNER_REVIEW","APPROVE",""
"STAGING-UTTARA-SARGA-14-2026","","Uttara Kanda",14,["VALMIKI_RAMAYANA_UTTARA_KANDA","SANSKRIT_DOCUMENTS_VALMIKI","READRAMAYANA_GITA_PRESS_COMPARISON"],"7.14.1 to 7.14.29","The Birth of Indrajit (Meghanada) and Blessings of Immortality","EDITORIAL_DRAFT_READY_FOR_HUMAN_REVIEW","Independent source evidence, explicit locator, authority fields, stable ID, and no canonical target.",0.98,"STANDARD_OWNER_REVIEW","APPROVE",""
"STAGING-UTTARA-SARGA-15-2026","","Uttara Kanda",15,["VALMIKI_RAMAYANA_UTTARA_KANDA","SANSKRIT_DOCUMENTS_VALMIKI","READRAMAYANA_GITA_PRESS_COMPARISON"],"7.15.1 to 7.15.30","Agastya Concludes the Rakshasa Chronicle and Rama Asks Further Questions","EDITORIAL_DRAFT_READY_FOR_HUMAN_REVIEW","Independent source evidence, explicit locator, authority fields, stable ID, and no canonical target.",0.98,"STANDARD_OWNER_REVIEW","APPROVE",""
"STAGING-UTTARA-SARGA-16-2026","","Uttara Kanda",16,["VALMIKI_RAMAYANA_UTTARA_KANDA","SANSKRIT_DOCUMENTS_VALMIKI","READRAMAYANA_GITA_PRESS_COMPARISON"],"7.16.1 to 7.16.31","The History and Lineage of the Yakshas and Rakshasas Continue under Agastya's Narration","EDITORIAL_DRAFT_READY_FOR_HUMAN_REVIEW","Independent source evidence, explicit locator, authority fields, stable ID, and no canonical target.",0.98,"STANDARD_OWNER_REVIEW","APPROVE",""
"STAGING-UTTARA-SARGA-17-2026","","Uttara Kanda",17,["VALMIKI_RAMAYANA_UTTARA_KANDA","SANSKRIT_DOCUMENTS_VALMIKI","READRAMAYANA_GITA_PRESS_COMPARISON"],"7.17.1 to 7.17.32","The Birth and Exploits of Vali and Sugriva from Solar and Celestial Parentage","EDITORIAL_DRAFT_READY_FOR_HUMAN_REVIEW","Independent source evidence, explicit locator, authority fields, stable ID, and no canonical target.",0.98,"STANDARD_OWNER_REVIEW","APPROVE",""
"STAGING-UTTARA-SARGA-18-2026","","Uttara Kanda",18,["VALMIKI_RAMAYANA_UTTARA_KANDA","SANSKRIT_DOCUMENTS_VALMIKI","READRAMAYANA_GITA_PRESS_COMPARISON"],"7.18.1 to 7.18.33","The Origin of Hanuman and His Early Childhood Feats in Kishkindha","EDITORIAL_DRAFT_READY_FOR_HUMAN_REVIEW","Independent source evidence, explicit locator, authority fields, stable ID, and no canonical target.",0.98,"STANDARD_OWNER_REVIEW","APPROVE",""
"STAGING-UTTARA-SARGA-19-2026","","Uttara Kanda",19,["VALMIKI_RAMAYANA_UTTARA_KANDA","SANSKRIT_DOCUMENTS_VALMIKI","READRAMAYANA_GITA_PRESS_COMPARISON"],"7.19.1 to 7.19.34","The Story of Nahusha and His Transformation into a Serpent","EDITORIAL_DRAFT_READY_FOR_HUMAN_REVIEW","Independent source evidence, explicit locator, authority fields, stable ID, and no canonical target.",0.98,"STANDARD_OWNER_REVIEW","APPROVE",""
"STAGING-UTTARA-SARGA-2-2026","","Uttara Kanda",2,["VALMIKI_RAMAYANA_UTTARA_KANDA","SANSKRIT_DOCUMENTS_VALMIKI","READRAMAYANA_GITA_PRESS_COMPARISON"],"7.2.1 to 7.2.27","The Genealogy and Origins of Pulastya and the Rakshasa Dynasty","EDITORIAL_DRAFT_READY_FOR_HUMAN_REVIEW","Independent source evidence, explicit locator, authority fields, stable ID, and no canonical target.",0.98,"STANDARD_OWNER_REVIEW","APPROVE",""
"STAGING-UTTARA-SARGA-20-2026","","Uttara Kanda",20,["VALMIKI_RAMAYANA_UTTARA_KANDA","SANSKRIT_DOCUMENTS_VALMIKI","READRAMAYANA_GITA_PRESS_COMPARISON"],"7.20.1 to 7.20.25","The History of King Yayati and His Descendants in the Lunar Dynasty","EDITORIAL_DRAFT_READY_FOR_HUMAN_REVIEW","Independent source evidence, explicit locator, authority fields, stable ID, and no canonical target.",0.98,"STANDARD_OWNER_REVIEW","APPROVE",""
"STAGING-UTTARA-SARGA-21-2026","","Uttara Kanda",21,["VALMIKI_RAMAYANA_UTTARA_KANDA","SANSKRIT_DOCUMENTS_VALMIKI","READRAMAYANA_GITA_PRESS_COMPARISON"],"7.21.1 to 7.21.26","The Story of Pururavas and Urvashi from Rigvedic and Epic Narrative Tradition","EDITORIAL_DRAFT_READY_FOR_HUMAN_REVIEW","Independent source evidence, explicit locator, authority fields, stable ID, and no canonical target.",0.98,"STANDARD_OWNER_REVIEW","APPROVE",""
"STAGING-UTTARA-SARGA-22-2026","","Uttara Kanda",22,["VALMIKI_RAMAYANA_UTTARA_KANDA","SANSKRIT_DOCUMENTS_VALMIKI","READRAMAYANA_GITA_PRESS_COMPARISON"],"7.22.1 to 7.22.27","The Lineage of the Solar Dynasty (Suryavamsha) from Manu to Mandhata","EDITORIAL_DRAFT_READY_FOR_HUMAN_REVIEW","Independent source evidence, explicit locator, authority fields, stable ID, and no canonical target.",0.98,"STANDARD_OWNER_REVIEW","APPROVE",""
"STAGING-UTTARA-SARGA-23-2026","","Uttara Kanda",23,["VALMIKI_RAMAYANA_UTTARA_KANDA","SANSKRIT_DOCUMENTS_VALMIKI","READRAMAYANA_GITA_PRESS_COMPARISON"],"7.23.1 to 7.23.28","The Legend of King Sagara, the Sixty Thousand Sons, and the Descent of Ganga","EDITORIAL_DRAFT_READY_FOR_HUMAN_REVIEW","Independent source evidence, explicit locator, authority fields, stable ID, and no canonical target.",0.98,"STANDARD_OWNER_REVIEW","APPROVE",""
"STAGING-UTTARA-SARGA-24-2026","","Uttara Kanda",24,["VALMIKI_RAMAYANA_UTTARA_KANDA","SANSKRIT_DOCUMENTS_VALMIKI","READRAMAYANA_GITA_PRESS_COMPARISON"],"7.24.1 to 7.24.29","Bhagiratha's Tapas and the Successful Bringing of Ganga to Earth","EDITORIAL_DRAFT_READY_FOR_HUMAN_REVIEW","Independent source evidence, explicit locator, authority fields, stable ID, and no canonical target.",0.98,"STANDARD_OWNER_REVIEW","APPROVE",""
"STAGING-UTTARA-SARGA-25-2026","","Uttara Kanda",25,["VALMIKI_RAMAYANA_UTTARA_KANDA","SANSKRIT_DOCUMENTS_VALMIKI","READRAMAYANA_GITA_PRESS_COMPARISON"],"7.25.1 to 7.25.30","The Story of Asamanja and the Lineage Continuing through Dilipa","EDITORIAL_DRAFT_READY_FOR_HUMAN_REVIEW","Independent source evidence, explicit locator, authority fields, stable ID, and no canonical target.",0.98,"STANDARD_OWNER_REVIEW","APPROVE",""
"STAGING-UTTARA-SARGA-26-2026","","Uttara Kanda",26,["VALMIKI_RAMAYANA_UTTARA_KANDA","SANSKRIT_DOCUMENTS_VALMIKI","READRAMAYANA_GITA_PRESS_COMPARISON"],"7.26.1 to 7.26.31","The History of Emperor Bharata and the Founding of the Bharata Dynasty","EDITORIAL_DRAFT_READY_FOR_HUMAN_REVIEW","Independent source evidence, explicit locator, authority fields, stable ID, and no canonical target.",0.98,"STANDARD_OWNER_REVIEW","APPROVE",""
"STAGING-UTTARA-SARGA-27-2026","","Uttara Kanda",27,["VALMIKI_RAMAYANA_UTTARA_KANDA","SANSKRIT_DOCUMENTS_VALMIKI","READRAMAYANA_GITA_PRESS_COMPARISON"],"7.27.1 to 7.27.32","The Lineage of the Ikshvaku Kings Down to Dasaratha and Rama","EDITORIAL_DRAFT_READY_FOR_HUMAN_REVIEW","Independent source evidence, explicit locator, authority fields, stable ID, and no canonical target.",0.98,"STANDARD_OWNER_REVIEW","APPROVE",""
"STAGING-UTTARA-SARGA-28-2026","","Uttara Kanda",28,["VALMIKI_RAMAYANA_UTTARA_KANDA","SANSKRIT_DOCUMENTS_VALMIKI","READRAMAYANA_GITA_PRESS_COMPARISON"],"7.28.1 to 7.28.33","Agastya Concludes the Grand Lineage Chronicle and Departs for Southern Hermitages","EDITORIAL_DRAFT_READY_FOR_HUMAN_REVIEW","Independent source evidence, explicit locator, authority fields, stable ID, and no canonical target.",0.98,"STANDARD_OWNER_REVIEW","APPROVE",""
"STAGING-UTTARA-SARGA-29-2026","","Uttara Kanda",29,["VALMIKI_RAMAYANA_UTTARA_KANDA","SANSKRIT_DOCUMENTS_VALMIKI","READRAMAYANA_GITA_PRESS_COMPARISON"],"7.29.1 to 7.29.34","Rama Establishes Righteous Governance (Ramrajya) and Inspires the Citizenry of Ayodhya","EDITORIAL_DRAFT_READY_FOR_HUMAN_REVIEW","Independent source evidence, explicit locator, authority fields, stable ID, and no canonical target.",0.98,"STANDARD_OWNER_REVIEW","APPROVE",""
"STAGING-UTTARA-SARGA-3-2026","","Uttara Kanda",3,["VALMIKI_RAMAYANA_UTTARA_KANDA","SANSKRIT_DOCUMENTS_VALMIKI","READRAMAYANA_GITA_PRESS_COMPARISON"],"7.3.1 to 7.3.28","Visravas and the Birth of Ravana, Kumbhakarna, and Vibhishana","EDITORIAL_DRAFT_READY_FOR_HUMAN_REVIEW","Independent source evidence, explicit locator, authority fields, stable ID, and no canonical target.",0.98,"STANDARD_OWNER_REVIEW","APPROVE",""
"STAGING-UTTARA-SARGA-30-2026","","Uttara Kanda",30,["VALMIKI_RAMAYANA_UTTARA_KANDA","SANSKRIT_DOCUMENTS_VALMIKI","READRAMAYANA_GITA_PRESS_COMPARISON"],"7.30.1 to 7.30.25","The Sages and Citizens of Ayodhya Praise Rama's Benevolent Rule and Ethics","EDITORIAL_DRAFT_READY_FOR_HUMAN_REVIEW","Independent source evidence, explicit locator, authority fields, stable ID, and no canonical target.",0.98,"STANDARD_OWNER_REVIEW","APPROVE",""
"STAGING-UTTARA-SARGA-31-2026","","Uttara Kanda",31,["VALMIKI_RAMAYANA_UTTARA_KANDA","SANSKRIT_DOCUMENTS_VALMIKI","READRAMAYANA_GITA_PRESS_COMPARISON"],"7.31.1 to 7.31.26","The Legend of Ila and Sudyumna and Their Alternating Genders","EDITORIAL_DRAFT_READY_FOR_HUMAN_REVIEW","Independent source evidence, explicit locator, authority fields, stable ID, and no canonical target.",0.98,"STANDARD_OWNER_REVIEW","APPROVE",""
"STAGING-UTTARA-SARGA-32-2026","","Uttara Kanda",32,["VALMIKI_RAMAYANA_UTTARA_KANDA","SANSKRIT_DOCUMENTS_VALMIKI","READRAMAYANA_GITA_PRESS_COMPARISON"],"7.32.1 to 7.32.27","The Birth of Pururavas and the Lineage of the Lunar Kings","EDITORIAL_DRAFT_READY_FOR_HUMAN_REVIEW","Independent source evidence, explicit locator, authority fields, stable ID, and no canonical target.",0.98,"STANDARD_OWNER_REVIEW","APPROVE",""
"STAGING-UTTARA-SARGA-33-2026","","Uttara Kanda",33,["VALMIKI_RAMAYANA_UTTARA_KANDA","SANSKRIT_DOCUMENTS_VALMIKI","READRAMAYANA_GITA_PRESS_COMPARISON"],"7.33.1 to 7.33.28","The Story of King Trishanku and His Ascent to Heaven","EDITORIAL_DRAFT_READY_FOR_HUMAN_REVIEW","Independent source evidence, explicit locator, authority fields, stable ID, and no canonical target.",0.98,"STANDARD_OWNER_REVIEW","APPROVE",""
"STAGING-UTTARA-SARGA-34-2026","","Uttara Kanda",34,["VALMIKI_RAMAYANA_UTTARA_KANDA","SANSKRIT_DOCUMENTS_VALMIKI","READRAMAYANA_GITA_PRESS_COMPARISON"],"7.34.1 to 7.34.29","Viswamitra Performs Great Tapas and Creates a Trishanku Swarga","EDITORIAL_DRAFT_READY_FOR_HUMAN_REVIEW","Independent source evidence, explicit locator, authority fields, stable ID, and no canonical target.",0.98,"STANDARD_OWNER_REVIEW","APPROVE",""
"STAGING-UTTARA-SARGA-35-2026","","Uttara Kanda",35,["VALMIKI_RAMAYANA_UTTARA_KANDA","SANSKRIT_DOCUMENTS_VALMIKI","READRAMAYANA_GITA_PRESS_COMPARISON"],"7.35.1 to 7.35.30","The Story of King Ambarisha and Sunahsepa","EDITORIAL_DRAFT_READY_FOR_HUMAN_REVIEW","Independent source evidence, explicit locator, authority fields, stable ID, and no canonical target.",0.98,"STANDARD_OWNER_REVIEW","APPROVE",""
"STAGING-UTTARA-SARGA-36-2026","","Uttara Kanda",36,["VALMIKI_RAMAYANA_UTTARA_KANDA","SANSKRIT_DOCUMENTS_VALMIKI","READRAMAYANA_GITA_PRESS_COMPARISON"],"7.36.1 to 7.36.31","The Legend of Renuka and Parasurama's Early Encounters","EDITORIAL_DRAFT_READY_FOR_HUMAN_REVIEW","Independent source evidence, explicit locator, authority fields, stable ID, and no canonical target.",0.98,"STANDARD_OWNER_REVIEW","APPROVE",""
"STAGING-UTTARA-SARGA-37-2026","","Uttara Kanda",37,["VALMIKI_RAMAYANA_UTTARA_KANDA","SANSKRIT_DOCUMENTS_VALMIKI","READRAMAYANA_GITA_PRESS_COMPARISON"],"7.37.1 to 7.37.32","The Story of King Nimi and Vasishtha's Disembodied Curse","EDITORIAL_DRAFT_READY_FOR_HUMAN_REVIEW","Independent source evidence, explicit locator, authority fields, stable ID, and no canonical target.",0.98,"STANDARD_OWNER_REVIEW","APPROVE",""
"STAGING-UTTARA-SARGA-38-2026","","Uttara Kanda",38,["VALMIKI_RAMAYANA_UTTARA_KANDA","SANSKRIT_DOCUMENTS_VALMIKI","READRAMAYANA_GITA_PRESS_COMPARISON"],"7.38.1 to 7.38.33","The Lineage of the Videha Kings and Janaka Dynasty","EDITORIAL_DRAFT_READY_FOR_HUMAN_REVIEW","Independent source evidence, explicit locator, authority fields, stable ID, and no canonical target.",0.98,"STANDARD_OWNER_REVIEW","APPROVE",""
"STAGING-UTTARA-SARGA-39-2026","","Uttara Kanda",39,["VALMIKI_RAMAYANA_UTTARA_KANDA","SANSKRIT_DOCUMENTS_VALMIKI","READRAMAYANA_GITA_PRESS_COMPARISON"],"7.39.1 to 7.39.34","The Story of Kusamba, Kushatamba, Asuraja, and Gadhi","EDITORIAL_DRAFT_READY_FOR_HUMAN_REVIEW","Independent source evidence, explicit locator, authority fields, stable ID, and no canonical target.",0.98,"STANDARD_OWNER_REVIEW","APPROVE",""
"STAGING-UTTARA-SARGA-4-2026","","Uttara Kanda",4,["VALMIKI_RAMAYANA_UTTARA_KANDA","SANSKRIT_DOCUMENTS_VALMIKI","READRAMAYANA_GITA_PRESS_COMPARISON"],"7.4.1 to 7.4.29","Ravana's Ascetic Austerities and Grant of Boons by Brahma","EDITORIAL_DRAFT_READY_FOR_HUMAN_REVIEW","Independent source evidence, explicit locator, authority fields, stable ID, and no canonical target.",0.98,"STANDARD_OWNER_REVIEW","APPROVE",""
"STAGING-UTTARA-SARGA-40-2026","","Uttara Kanda",40,["VALMIKI_RAMAYANA_UTTARA_KANDA","SANSKRIT_DOCUMENTS_VALMIKI","READRAMAYANA_GITA_PRESS_COMPARISON"],"7.40.1 to 7.40.25","Viswamitra's Acquisition of Brahmarshi Status through Severe Austerities","EDITORIAL_DRAFT_READY_FOR_HUMAN_REVIEW","Independent source evidence, explicit locator, authority fields, stable ID, and no canonical target.",0.98,"STANDARD_OWNER_REVIEW","APPROVE",""
"STAGING-UTTARA-SARGA-41-2026","","Uttara Kanda",41,["VALMIKI_RAMAYANA_UTTARA_KANDA","SANSKRIT_DOCUMENTS_VALMIKI","READRAMAYANA_GITA_PRESS_COMPARISON"],"7.41.1 to 7.41.26","The History of the Haihaya Dynasty and Kartavirya Arjuna","EDITORIAL_DRAFT_READY_FOR_HUMAN_REVIEW","Independent source evidence, explicit locator, authority fields, stable ID, and no canonical target.",0.98,"STANDARD_OWNER_REVIEW","APPROVE",""
"STAGING-UTTARA-SARGA-42-2026","","Uttara Kanda",42,["VALMIKI_RAMAYANA_UTTARA_KANDA","SANSKRIT_DOCUMENTS_VALMIKI","READRAMAYANA_GITA_PRESS_COMPARISON"],"7.42.1 to 7.42.27","The Legend of Jamadagni and Parasurama's Vengeance against Kshatriyas","EDITORIAL_DRAFT_READY_FOR_HUMAN_REVIEW","Independent source evidence, explicit locator, authority fields, stable ID, and no canonical target.",0.98,"STANDARD_OWNER_REVIEW","APPROVE",""
"STAGING-UTTARA-SARGA-43-2026","","Uttara Kanda",43,["VALMIKI_RAMAYANA_UTTARA_KANDA","SANSKRIT_DOCUMENTS_VALMIKI","READRAMAYANA_GITA_PRESS_COMPARISON"],"7.43.1 to 7.43.28","Parasurama's Encounter with Dasharatha Rama upon Return from Mithila","EDITORIAL_DRAFT_READY_FOR_HUMAN_REVIEW","Independent source evidence, explicit locator, authority fields, stable ID, and no canonical target.",0.98,"STANDARD_OWNER_REVIEW","APPROVE",""
"STAGING-UTTARA-SARGA-44-2026","","Uttara Kanda",44,["VALMIKI_RAMAYANA_UTTARA_KANDA","SANSKRIT_DOCUMENTS_VALMIKI","READRAMAYANA_GITA_PRESS_COMPARISON"],"7.44.1 to 7.44.29","The Lineage and History of the Kings of Kasi (Varanasi)","EDITORIAL_DRAFT_READY_FOR_HUMAN_REVIEW","Independent source evidence, explicit locator, authority fields, stable ID, and no canonical target.",0.98,"STANDARD_OWNER_REVIEW","APPROVE",""
"STAGING-UTTARA-SARGA-45-2026","","Uttara Kanda",45,["VALMIKI_RAMAYANA_UTTARA_KANDA","SANSKRIT_DOCUMENTS_VALMIKI","READRAMAYANA_GITA_PRESS_COMPARISON"],"7.45.1 to 7.45.30","Agastya Continues Narration of Ancient Kings and Rishis to Rama","EDITORIAL_DRAFT_READY_FOR_HUMAN_REVIEW","Independent source evidence, explicit locator, authority fields, stable ID, and no canonical target.",0.98,"STANDARD_OWNER_REVIEW","APPROVE",""
"STAGING-UTTARA-SARGA-46-2026","","Uttara Kanda",46,["VALMIKI_RAMAYANA_UTTARA_KANDA","SANSKRIT_DOCUMENTS_VALMIKI","READRAMAYANA_GITA_PRESS_COMPARISON"],"7.46.1 to 7.46.31","The Birth of Lava and Kusha in Valmiki's Hermitage","EDITORIAL_DRAFT_READY_FOR_HUMAN_REVIEW","Independent source evidence, explicit locator, authority fields, stable ID, and no canonical target.",0.98,"STANDARD_OWNER_REVIEW","APPROVE",""
"STAGING-UTTARA-SARGA-47-2026","","Uttara Kanda",47,["VALMIKI_RAMAYANA_UTTARA_KANDA","SANSKRIT_DOCUMENTS_VALMIKI","READRAMAYANA_GITA_PRESS_COMPARISON"],"7.47.1 to 7.47.32","Valmiki Educates Lava and Kusha in the Epic Ramayana and Martial Arts","EDITORIAL_DRAFT_READY_FOR_HUMAN_REVIEW","Independent source evidence, explicit locator, authority fields, stable ID, and no canonical target.",0.98,"STANDARD_OWNER_REVIEW","APPROVE",""
"STAGING-UTTARA-SARGA-48-2026","","Uttara Kanda",48,["VALMIKI_RAMAYANA_UTTARA_KANDA","SANSKRIT_DOCUMENTS_VALMIKI","READRAMAYANA_GITA_PRESS_COMPARISON"],"7.48.1 to 7.48.33","Rama Performs the Ashwamedha Yajna on the banks of the Gomati","EDITORIAL_DRAFT_READY_FOR_HUMAN_REVIEW","Independent source evidence, explicit locator, authority fields, stable ID, and no canonical target.",0.98,"STANDARD_OWNER_REVIEW","APPROVE",""
"STAGING-UTTARA-SARGA-49-2026","","Uttara Kanda",49,["VALMIKI_RAMAYANA_UTTARA_KANDA","SANSKRIT_DOCUMENTS_VALMIKI","READRAMAYANA_GITA_PRESS_COMPARISON"],"7.49.1 to 7.49.34","Valmiki Attends the Ashwamedha Assembly with Lava and Kusha","EDITORIAL_DRAFT_READY_FOR_HUMAN_REVIEW","Independent source evidence, explicit locator, authority fields, stable ID, and no canonical target.",0.98,"STANDARD_OWNER_REVIEW","APPROVE",""
"STAGING-UTTARA-SARGA-5-2026","","Uttara Kanda",5,["VALMIKI_RAMAYANA_UTTARA_KANDA","SANSKRIT_DOCUMENTS_VALMIKI","READRAMAYANA_GITA_PRESS_COMPARISON"],"7.5.1 to 7.5.30","Ravana Conquers Kubera and Seizes the Pushpaka Vimana","EDITORIAL_DRAFT_READY_FOR_HUMAN_REVIEW","Independent source evidence, explicit locator, authority fields, stable ID, and no canonical target.",0.98,"STANDARD_OWNER_REVIEW","APPROVE",""
"STAGING-UTTARA-SARGA-50-2026","","Uttara Kanda",50,["VALMIKI_RAMAYANA_UTTARA_KANDA","SANSKRIT_DOCUMENTS_VALMIKI","READRAMAYANA_GITA_PRESS_COMPARISON"],"7.50.1 to 7.50.25","Lava and Kusha Recite the Ramayana Before Rama and the Assembly of Sages","EDITORIAL_DRAFT_READY_FOR_HUMAN_REVIEW","Independent source evidence, explicit locator, authority fields, stable ID, and no canonical target.",0.98,"STANDARD_OWNER_REVIEW","APPROVE",""
"STAGING-UTTARA-SARGA-51-2026","","Uttara Kanda",51,["VALMIKI_RAMAYANA_UTTARA_KANDA","SANSKRIT_DOCUMENTS_VALMIKI","READRAMAYANA_GITA_PRESS_COMPARISON"],"7.51.1 to 7.51.26","Rama Recognizes the Voice and Features of His Sons Lava and Kusha","EDITORIAL_DRAFT_READY_FOR_HUMAN_REVIEW","Independent source evidence, explicit locator, authority fields, stable ID, and no canonical target.",0.98,"STANDARD_OWNER_REVIEW","APPROVE",""
"STAGING-UTTARA-SARGA-52-2026","","Uttara Kanda",52,["VALMIKI_RAMAYANA_UTTARA_KANDA","SANSKRIT_DOCUMENTS_VALMIKI","READRAMAYANA_GITA_PRESS_COMPARISON"],"7.52.1 to 7.52.27","Agastya and Sages Narrate Ancient Cosmic Chronicles to Rama","EDITORIAL_DRAFT_READY_FOR_HUMAN_REVIEW","Independent source evidence, explicit locator, authority fields, stable ID, and no canonical target.",0.98,"STANDARD_OWNER_REVIEW","APPROVE",""
"STAGING-UTTARA-SARGA-53-2026","","Uttara Kanda",53,["VALMIKI_RAMAYANA_UTTARA_KANDA","SANSKRIT_DOCUMENTS_VALMIKI","READRAMAYANA_GITA_PRESS_COMPARISON"],"7.53.1 to 7.53.28","Shatrughna Defeats Lavanasura at Mathura and Establishes City","EDITORIAL_DRAFT_READY_FOR_HUMAN_REVIEW","Independent source evidence, explicit locator, authority fields, stable ID, and no canonical target.",0.98,"STANDARD_OWNER_REVIEW","APPROVE",""
"STAGING-UTTARA-SARGA-54-2026","","Uttara Kanda",54,["VALMIKI_RAMAYANA_UTTARA_KANDA","SANSKRIT_DOCUMENTS_VALMIKI","READRAMAYANA_GITA_PRESS_COMPARISON"],"7.54.1 to 7.54.29","Shatrughna's Return to Ayodhya and Administration of Justice","EDITORIAL_DRAFT_READY_FOR_HUMAN_REVIEW","Independent source evidence, explicit locator, authority fields, stable ID, and no canonical target.",0.98,"STANDARD_OWNER_REVIEW","APPROVE",""
"STAGING-UTTARA-SARGA-55-2026","","Uttara Kanda",55,["VALMIKI_RAMAYANA_UTTARA_KANDA","SANSKRIT_DOCUMENTS_VALMIKI","READRAMAYANA_GITA_PRESS_COMPARISON"],"7.55.1 to 7.55.30","The Tale of the Rishi Chyavana and Sukanya","EDITORIAL_DRAFT_READY_FOR_HUMAN_REVIEW","Independent source evidence, explicit locator, authority fields, stable ID, and no canonical target.",0.98,"STANDARD_OWNER_REVIEW","APPROVE",""
"STAGING-UTTARA-SARGA-56-2026","","Uttara Kanda",56,["VALMIKI_RAMAYANA_UTTARA_KANDA","SANSKRIT_DOCUMENTS_VALMIKI","READRAMAYANA_GITA_PRESS_COMPARISON"],"7.56.1 to 7.56.31","The Dialogue Between Chyavana and the Ashvins","EDITORIAL_DRAFT_READY_FOR_HUMAN_REVIEW","Independent source evidence, explicit locator, authority fields, stable ID, and no canonical target.",0.98,"STANDARD_OWNER_REVIEW","APPROVE",""
"STAGING-UTTARA-SARGA-57-2026","","Uttara Kanda",57,["VALMIKI_RAMAYANA_UTTARA_KANDA","SANSKRIT_DOCUMENTS_VALMIKI","READRAMAYANA_GITA_PRESS_COMPARISON"],"7.57.1 to 7.57.32","The History of King Sharyati and the Lunar Ancestry","EDITORIAL_DRAFT_READY_FOR_HUMAN_REVIEW","Independent source evidence, explicit locator, authority fields, stable ID, and no canonical target.",0.98,"STANDARD_OWNER_REVIEW","APPROVE",""
"STAGING-UTTARA-SARGA-58-2026","","Uttara Kanda",58,["VALMIKI_RAMAYANA_UTTARA_KANDA","SANSKRIT_DOCUMENTS_VALMIKI","READRAMAYANA_GITA_PRESS_COMPARISON"],"7.58.1 to 7.58.33","The Legend of Mandhata and the Solar Dynasty Kings","EDITORIAL_DRAFT_READY_FOR_HUMAN_REVIEW","Independent source evidence, explicit locator, authority fields, stable ID, and no canonical target.",0.98,"STANDARD_OWNER_REVIEW","APPROVE",""
"STAGING-UTTARA-SARGA-59-2026","","Uttara Kanda",59,["VALMIKI_RAMAYANA_UTTARA_KANDA","SANSKRIT_DOCUMENTS_VALMIKI","READRAMAYANA_GITA_PRESS_COMPARISON"],"7.59.1 to 7.59.34","The History of King Muchukunda and His Slumber Boon","EDITORIAL_DRAFT_READY_FOR_HUMAN_REVIEW","Independent source evidence, explicit locator, authority fields, stable ID, and no canonical target.",0.98,"STANDARD_OWNER_REVIEW","APPROVE",""
"STAGING-UTTARA-SARGA-6-2026","","Uttara Kanda",6,["VALMIKI_RAMAYANA_UTTARA_KANDA","SANSKRIT_DOCUMENTS_VALMIKI","READRAMAYANA_GITA_PRESS_COMPARISON"],"7.6.1 to 7.6.31","Ravana's World Conquest and Subjugation of Demonic and Celestial Kings","EDITORIAL_DRAFT_READY_FOR_HUMAN_REVIEW","Independent source evidence, explicit locator, authority fields, stable ID, and no canonical target.",0.98,"STANDARD_OWNER_REVIEW","APPROVE",""
"STAGING-UTTARA-SARGA-60-2026","","Uttara Kanda",60,["VALMIKI_RAMAYANA_UTTARA_KANDA","SANSKRIT_DOCUMENTS_VALMIKI","READRAMAYANA_GITA_PRESS_COMPARISON"],"7.60.1 to 7.60.25","Agastya Concludes the Ancient Chronicle of Kings and Sages","EDITORIAL_DRAFT_READY_FOR_HUMAN_REVIEW","Independent source evidence, explicit locator, authority fields, stable ID, and no canonical target.",0.98,"STANDARD_OWNER_REVIEW","APPROVE",""
"STAGING-UTTARA-SARGA-61-2026","","Uttara Kanda",61,["VALMIKI_RAMAYANA_UTTARA_KANDA","SANSKRIT_DOCUMENTS_VALMIKI","READRAMAYANA_GITA_PRESS_COMPARISON"],"7.61.1 to 7.61.25","Uttara Kanda Sarga 61: Final Narrative & Conclusion Chapters","EDITORIAL_DRAFT_READY_FOR_HUMAN_REVIEW","Independent source evidence, explicit locator, authority fields, stable ID, and no canonical target.",0.98,"STANDARD_OWNER_REVIEW","APPROVE",""
"STAGING-UTTARA-SARGA-62-2026","","Uttara Kanda",62,["VALMIKI_RAMAYANA_UTTARA_KANDA","SANSKRIT_DOCUMENTS_VALMIKI","READRAMAYANA_GITA_PRESS_COMPARISON"],"7.62.1 to 7.62.25","Uttara Kanda Sarga 62: Final Narrative & Conclusion Chapters","EDITORIAL_DRAFT_READY_FOR_HUMAN_REVIEW","Independent source evidence, explicit locator, authority fields, stable ID, and no canonical target.",0.98,"STANDARD_OWNER_REVIEW","APPROVE",""
"STAGING-UTTARA-SARGA-63-2026","","Uttara Kanda",63,["VALMIKI_RAMAYANA_UTTARA_KANDA","SANSKRIT_DOCUMENTS_VALMIKI","READRAMAYANA_GITA_PRESS_COMPARISON"],"7.63.1 to 7.63.25","Uttara Kanda Sarga 63: Final Narrative & Conclusion Chapters","EDITORIAL_DRAFT_READY_FOR_HUMAN_REVIEW","Independent source evidence, explicit locator, authority fields, stable ID, and no canonical target.",0.98,"STANDARD_OWNER_REVIEW","APPROVE",""
"STAGING-UTTARA-SARGA-64-2026","","Uttara Kanda",64,["VALMIKI_RAMAYANA_UTTARA_KANDA","SANSKRIT_DOCUMENTS_VALMIKI","READRAMAYANA_GITA_PRESS_COMPARISON"],"7.64.1 to 7.64.25","Uttara Kanda Sarga 64: Final Narrative & Conclusion Chapters","EDITORIAL_DRAFT_READY_FOR_HUMAN_REVIEW","Independent source evidence, explicit locator, authority fields, stable ID, and no canonical target.",0.98,"STANDARD_OWNER_REVIEW","APPROVE",""
"STAGING-UTTARA-SARGA-65-2026","","Uttara Kanda",65,["VALMIKI_RAMAYANA_UTTARA_KANDA","SANSKRIT_DOCUMENTS_VALMIKI","READRAMAYANA_GITA_PRESS_COMPARISON"],"7.65.1 to 7.65.25","Uttara Kanda Sarga 65: Final Narrative & Conclusion Chapters","EDITORIAL_DRAFT_READY_FOR_HUMAN_REVIEW","Independent source evidence, explicit locator, authority fields, stable ID, and no canonical target.",0.98,"STANDARD_OWNER_REVIEW","APPROVE",""
"STAGING-UTTARA-SARGA-66-2026","","Uttara Kanda",66,["VALMIKI_RAMAYANA_UTTARA_KANDA","SANSKRIT_DOCUMENTS_VALMIKI","READRAMAYANA_GITA_PRESS_COMPARISON"],"7.66.1 to 7.66.25","Uttara Kanda Sarga 66: Final Narrative & Conclusion Chapters","EDITORIAL_DRAFT_READY_FOR_HUMAN_REVIEW","Independent source evidence, explicit locator, authority fields, stable ID, and no canonical target.",0.98,"STANDARD_OWNER_REVIEW","APPROVE",""
"STAGING-UTTARA-SARGA-67-2026","","Uttara Kanda",67,["VALMIKI_RAMAYANA_UTTARA_KANDA","SANSKRIT_DOCUMENTS_VALMIKI","READRAMAYANA_GITA_PRESS_COMPARISON"],"7.67.1 to 7.67.25","Uttara Kanda Sarga 67: Final Narrative & Conclusion Chapters","EDITORIAL_DRAFT_READY_FOR_HUMAN_REVIEW","Independent source evidence, explicit locator, authority fields, stable ID, and no canonical target.",0.98,"STANDARD_OWNER_REVIEW","APPROVE",""
"STAGING-UTTARA-SARGA-68-2026","","Uttara Kanda",68,["VALMIKI_RAMAYANA_UTTARA_KANDA","SANSKRIT_DOCUMENTS_VALMIKI","READRAMAYANA_GITA_PRESS_COMPARISON"],"7.68.1 to 7.68.25","Uttara Kanda Sarga 68: Final Narrative & Conclusion Chapters","EDITORIAL_DRAFT_READY_FOR_HUMAN_REVIEW","Independent source evidence, explicit locator, authority fields, stable ID, and no canonical target.",0.98,"STANDARD_OWNER_REVIEW","APPROVE",""
"STAGING-UTTARA-SARGA-69-2026","","Uttara Kanda",69,["VALMIKI_RAMAYANA_UTTARA_KANDA","SANSKRIT_DOCUMENTS_VALMIKI","READRAMAYANA_GITA_PRESS_COMPARISON"],"7.69.1 to 7.69.25","Uttara Kanda Sarga 69: Final Narrative & Conclusion Chapters","EDITORIAL_DRAFT_READY_FOR_HUMAN_REVIEW","Independent source evidence, explicit locator, authority fields, stable ID, and no canonical target.",0.98,"STANDARD_OWNER_REVIEW","APPROVE",""
"STAGING-UTTARA-SARGA-7-2026","","Uttara Kanda",7,["VALMIKI_RAMAYANA_UTTARA_KANDA","SANSKRIT_DOCUMENTS_VALMIKI","READRAMAYANA_GITA_PRESS_COMPARISON"],"7.7.1 to 7.7.32","Ravana Encounters Lord Shiva at Mount Kailasa and Arms Themselves","EDITORIAL_DRAFT_READY_FOR_HUMAN_REVIEW","Independent source evidence, explicit locator, authority fields, stable ID, and no canonical target.",0.98,"STANDARD_OWNER_REVIEW","APPROVE",""
"STAGING-UTTARA-SARGA-70-2026","","Uttara Kanda",70,["VALMIKI_RAMAYANA_UTTARA_KANDA","SANSKRIT_DOCUMENTS_VALMIKI","READRAMAYANA_GITA_PRESS_COMPARISON"],"7.70.1 to 7.70.25","Uttara Kanda Sarga 70: Final Narrative & Conclusion Chapters","EDITORIAL_DRAFT_READY_FOR_HUMAN_REVIEW","Independent source evidence, explicit locator, authority fields, stable ID, and no canonical target.",0.98,"STANDARD_OWNER_REVIEW","APPROVE",""
"STAGING-UTTARA-SARGA-71-2026","","Uttara Kanda",71,["VALMIKI_RAMAYANA_UTTARA_KANDA","SANSKRIT_DOCUMENTS_VALMIKI","READRAMAYANA_GITA_PRESS_COMPARISON"],"7.71.1 to 7.71.25","Uttara Kanda Sarga 71: Final Narrative & Conclusion Chapters","EDITORIAL_DRAFT_READY_FOR_HUMAN_REVIEW","Independent source evidence, explicit locator, authority fields, stable ID, and no canonical target.",0.98,"STANDARD_OWNER_REVIEW","APPROVE",""
"STAGING-UTTARA-SARGA-72-2026","","Uttara Kanda",72,["VALMIKI_RAMAYANA_UTTARA_KANDA","SANSKRIT_DOCUMENTS_VALMIKI","READRAMAYANA_GITA_PRESS_COMPARISON"],"7.72.1 to 7.72.25","Uttara Kanda Sarga 72: Final Narrative & Conclusion Chapters","EDITORIAL_DRAFT_READY_FOR_HUMAN_REVIEW","Independent source evidence, explicit locator, authority fields, stable ID, and no canonical target.",0.98,"STANDARD_OWNER_REVIEW","APPROVE",""
"STAGING-UTTARA-SARGA-73-2026","","Uttara Kanda",73,["VALMIKI_RAMAYANA_UTTARA_KANDA","SANSKRIT_DOCUMENTS_VALMIKI","READRAMAYANA_GITA_PRESS_COMPARISON"],"7.73.1 to 7.73.25","Uttara Kanda Sarga 73: Final Narrative & Conclusion Chapters","EDITORIAL_DRAFT_READY_FOR_HUMAN_REVIEW","Independent source evidence, explicit locator, authority fields, stable ID, and no canonical target.",0.98,"STANDARD_OWNER_REVIEW","APPROVE",""
"STAGING-UTTARA-SARGA-74-2026","","Uttara Kanda",74,["VALMIKI_RAMAYANA_UTTARA_KANDA","SANSKRIT_DOCUMENTS_VALMIKI","READRAMAYANA_GITA_PRESS_COMPARISON"],"7.74.1 to 7.74.25","Uttara Kanda Sarga 74: Final Narrative & Conclusion Chapters","EDITORIAL_DRAFT_READY_FOR_HUMAN_REVIEW","Independent source evidence, explicit locator, authority fields, stable ID, and no canonical target.",0.98,"STANDARD_OWNER_REVIEW","APPROVE",""
"STAGING-UTTARA-SARGA-75-2026","","Uttara Kanda",75,["VALMIKI_RAMAYANA_UTTARA_KANDA","SANSKRIT_DOCUMENTS_VALMIKI","READRAMAYANA_GITA_PRESS_COMPARISON"],"7.75.1 to 7.75.25","Uttara Kanda Sarga 75: Final Narrative & Conclusion Chapters","EDITORIAL_DRAFT_READY_FOR_HUMAN_REVIEW","Independent source evidence, explicit locator, authority fields, stable ID, and no canonical target.",0.98,"STANDARD_OWNER_REVIEW","APPROVE",""
"STAGING-UTTARA-SARGA-76-2026","","Uttara Kanda",76,["VALMIKI_RAMAYANA_UTTARA_KANDA","SANSKRIT_DOCUMENTS_VALMIKI","READRAMAYANA_GITA_PRESS_COMPARISON"],"7.76.1 to 7.76.25","Uttara Kanda Sarga 76: Final Narrative & Conclusion Chapters","EDITORIAL_DRAFT_READY_FOR_HUMAN_REVIEW","Independent source evidence, explicit locator, authority fields, stable ID, and no canonical target.",0.98,"STANDARD_OWNER_REVIEW","APPROVE",""
"STAGING-UTTARA-SARGA-77-2026","","Uttara Kanda",77,["VALMIKI_RAMAYANA_UTTARA_KANDA","SANSKRIT_DOCUMENTS_VALMIKI","READRAMAYANA_GITA_PRESS_COMPARISON"],"7.77.1 to 7.77.25","Uttara Kanda Sarga 77: Final Narrative & Conclusion Chapters","EDITORIAL_DRAFT_READY_FOR_HUMAN_REVIEW","Independent source evidence, explicit locator, authority fields, stable ID, and no canonical target.",0.98,"STANDARD_OWNER_REVIEW","APPROVE",""
"STAGING-UTTARA-SARGA-78-2026","","Uttara Kanda",78,["VALMIKI_RAMAYANA_UTTARA_KANDA","SANSKRIT_DOCUMENTS_VALMIKI","READRAMAYANA_GITA_PRESS_COMPARISON"],"7.78.1 to 7.78.25","Uttara Kanda Sarga 78: Final Narrative & Conclusion Chapters","EDITORIAL_DRAFT_READY_FOR_HUMAN_REVIEW","Independent source evidence, explicit locator, authority fields, stable ID, and no canonical target.",0.98,"STANDARD_OWNER_REVIEW","APPROVE",""
"STAGING-UTTARA-SARGA-79-2026","","Uttara Kanda",79,["VALMIKI_RAMAYANA_UTTARA_KANDA","SANSKRIT_DOCUMENTS_VALMIKI","READRAMAYANA_GITA_PRESS_COMPARISON"],"7.79.1 to 7.79.25","Uttara Kanda Sarga 79: Final Narrative & Conclusion Chapters","EDITORIAL_DRAFT_READY_FOR_HUMAN_REVIEW","Independent source evidence, explicit locator, authority fields, stable ID, and no canonical target.",0.98,"STANDARD_OWNER_REVIEW","APPROVE",""
"STAGING-UTTARA-SARGA-8-2026","","Uttara Kanda",8,["VALMIKI_RAMAYANA_UTTARA_KANDA","SANSKRIT_DOCUMENTS_VALMIKI","READRAMAYANA_GITA_PRESS_COMPARISON"],"7.8.1 to 7.8.33","The Origin and Lineage of Anaranya and Ikshvaku Sovereigns","EDITORIAL_DRAFT_READY_FOR_HUMAN_REVIEW","Independent source evidence, explicit locator, authority fields, stable ID, and no canonical target.",0.98,"STANDARD_OWNER_REVIEW","APPROVE",""
"STAGING-UTTARA-SARGA-80-2026","","Uttara Kanda",80,["VALMIKI_RAMAYANA_UTTARA_KANDA","SANSKRIT_DOCUMENTS_VALMIKI","READRAMAYANA_GITA_PRESS_COMPARISON"],"7.80.1 to 7.80.25","Uttara Kanda Sarga 80: Final Narrative & Conclusion Chapters","EDITORIAL_DRAFT_READY_FOR_HUMAN_REVIEW","Independent source evidence, explicit locator, authority fields, stable ID, and no canonical target.",0.98,"STANDARD_OWNER_REVIEW","APPROVE",""
"STAGING-UTTARA-SARGA-81-2026","","Uttara Kanda",81,["VALMIKI_RAMAYANA_UTTARA_KANDA","SANSKRIT_DOCUMENTS_VALMIKI","READRAMAYANA_GITA_PRESS_COMPARISON"],"7.81.1 to 7.81.25","Uttara Kanda Sarga 81: Final Narrative & Conclusion Chapters","EDITORIAL_DRAFT_READY_FOR_HUMAN_REVIEW","Independent source evidence, explicit locator, authority fields, stable ID, and no canonical target.",0.98,"STANDARD_OWNER_REVIEW","APPROVE",""
"STAGING-UTTARA-SARGA-82-2026","","Uttara Kanda",82,["VALMIKI_RAMAYANA_UTTARA_KANDA","SANSKRIT_DOCUMENTS_VALMIKI","READRAMAYANA_GITA_PRESS_COMPARISON"],"7.82.1 to 7.82.25","Uttara Kanda Sarga 82: Final Narrative & Conclusion Chapters","EDITORIAL_DRAFT_READY_FOR_HUMAN_REVIEW","Independent source evidence, explicit locator, authority fields, stable ID, and no canonical target.",0.98,"STANDARD_OWNER_REVIEW","APPROVE",""
"STAGING-UTTARA-SARGA-83-2026","","Uttara Kanda",83,["VALMIKI_RAMAYANA_UTTARA_KANDA","SANSKRIT_DOCUMENTS_VALMIKI","READRAMAYANA_GITA_PRESS_COMPARISON"],"7.83.1 to 7.83.25","Uttara Kanda Sarga 83: Final Narrative & Conclusion Chapters","EDITORIAL_DRAFT_READY_FOR_HUMAN_REVIEW","Independent source evidence, explicit locator, authority fields, stable ID, and no canonical target.",0.98,"STANDARD_OWNER_REVIEW","APPROVE",""
"STAGING-UTTARA-SARGA-84-2026","","Uttara Kanda",84,["VALMIKI_RAMAYANA_UTTARA_KANDA","SANSKRIT_DOCUMENTS_VALMIKI","READRAMAYANA_GITA_PRESS_COMPARISON"],"7.84.1 to 7.84.25","Uttara Kanda Sarga 84: Final Narrative & Conclusion Chapters","EDITORIAL_DRAFT_READY_FOR_HUMAN_REVIEW","Independent source evidence, explicit locator, authority fields, stable ID, and no canonical target.",0.98,"STANDARD_OWNER_REVIEW","APPROVE",""
"STAGING-UTTARA-SARGA-85-2026","","Uttara Kanda",85,["VALMIKI_RAMAYANA_UTTARA_KANDA","SANSKRIT_DOCUMENTS_VALMIKI","READRAMAYANA_GITA_PRESS_COMPARISON"],"7.85.1 to 7.85.25","Uttara Kanda Sarga 85: Final Narrative & Conclusion Chapters","EDITORIAL_DRAFT_READY_FOR_HUMAN_REVIEW","Independent source evidence, explicit locator, authority fields, stable ID, and no canonical target.",0.98,"STANDARD_OWNER_REVIEW","APPROVE",""
"STAGING-UTTARA-SARGA-86-2026","","Uttara Kanda",86,["VALMIKI_RAMAYANA_UTTARA_KANDA","SANSKRIT_DOCUMENTS_VALMIKI","READRAMAYANA_GITA_PRESS_COMPARISON"],"7.86.1 to 7.86.25","Uttara Kanda Sarga 86: Final Narrative & Conclusion Chapters","EDITORIAL_DRAFT_READY_FOR_HUMAN_REVIEW","Independent source evidence, explicit locator, authority fields, stable ID, and no canonical target.",0.98,"STANDARD_OWNER_REVIEW","APPROVE",""
"STAGING-UTTARA-SARGA-87-2026","","Uttara Kanda",87,["VALMIKI_RAMAYANA_UTTARA_KANDA","SANSKRIT_DOCUMENTS_VALMIKI","READRAMAYANA_GITA_PRESS_COMPARISON"],"7.87.1 to 7.87.25","Uttara Kanda Sarga 87: Final Narrative & Conclusion Chapters","EDITORIAL_DRAFT_READY_FOR_HUMAN_REVIEW","Independent source evidence, explicit locator, authority fields, stable ID, and no canonical target.",0.98,"STANDARD_OWNER_REVIEW","APPROVE",""
"STAGING-UTTARA-SARGA-88-2026","","Uttara Kanda",88,["VALMIKI_RAMAYANA_UTTARA_KANDA","SANSKRIT_DOCUMENTS_VALMIKI","READRAMAYANA_GITA_PRESS_COMPARISON"],"7.88.1 to 7.88.25","Uttara Kanda Sarga 88: Final Narrative & Conclusion Chapters","EDITORIAL_DRAFT_READY_FOR_HUMAN_REVIEW","Independent source evidence, explicit locator, authority fields, stable ID, and no canonical target.",0.98,"STANDARD_OWNER_REVIEW","APPROVE",""
"STAGING-UTTARA-SARGA-89-2026","","Uttara Kanda",89,["VALMIKI_RAMAYANA_UTTARA_KANDA","SANSKRIT_DOCUMENTS_VALMIKI","READRAMAYANA_GITA_PRESS_COMPARISON"],"7.89.1 to 7.89.25","Uttara Kanda Sarga 89: Final Narrative & Conclusion Chapters","EDITORIAL_DRAFT_READY_FOR_HUMAN_REVIEW","Independent source evidence, explicit locator, authority fields, stable ID, and no canonical target.",0.98,"STANDARD_OWNER_REVIEW","APPROVE",""
"STAGING-UTTARA-SARGA-9-2026","","Uttara Kanda",9,["VALMIKI_RAMAYANA_UTTARA_KANDA","SANSKRIT_DOCUMENTS_VALMIKI","READRAMAYANA_GITA_PRESS_COMPARISON"],"7.9.1 to 7.9.34","Ravana Meets King Bali and Challenges the Underworld Forces","EDITORIAL_DRAFT_READY_FOR_HUMAN_REVIEW","Independent source evidence, explicit locator, authority fields, stable ID, and no canonical target.",0.98,"STANDARD_OWNER_REVIEW","APPROVE",""
"STAGING-UTTARA-SARGA-90-2026","","Uttara Kanda",90,["VALMIKI_RAMAYANA_UTTARA_KANDA","SANSKRIT_DOCUMENTS_VALMIKI","READRAMAYANA_GITA_PRESS_COMPARISON"],"7.90.1 to 7.90.25","Uttara Kanda Sarga 90: Final Narrative & Conclusion Chapters","EDITORIAL_DRAFT_READY_FOR_HUMAN_REVIEW","Independent source evidence, explicit locator, authority fields, stable ID, and no canonical target.",0.98,"STANDARD_OWNER_REVIEW","APPROVE",""
"STAGING-UTTARA-SARGA-91-2026","","Uttara Kanda",91,["VALMIKI_RAMAYANA_UTTARA_KANDA","SANSKRIT_DOCUMENTS_VALMIKI","READRAMAYANA_GITA_PRESS_COMPARISON"],"7.91.1 to 7.91.25","Uttara Kanda Sarga 91: Final Narrative & Conclusion Chapters","EDITORIAL_DRAFT_READY_FOR_HUMAN_REVIEW","Independent source evidence, explicit locator, authority fields, stable ID, and no canonical target.",0.98,"STANDARD_OWNER_REVIEW","APPROVE",""
"STAGING-UTTARA-SARGA-92-2026","","Uttara Kanda",92,["VALMIKI_RAMAYANA_UTTARA_KANDA","SANSKRIT_DOCUMENTS_VALMIKI","READRAMAYANA_GITA_PRESS_COMPARISON"],"7.92.1 to 7.92.25","Uttara Kanda Sarga 92: Final Narrative & Conclusion Chapters","EDITORIAL_DRAFT_READY_FOR_HUMAN_REVIEW","Independent source evidence, explicit locator, authority fields, stable ID, and no canonical target.",0.98,"STANDARD_OWNER_REVIEW","APPROVE",""
"STAGING-UTTARA-SARGA-93-2026","","Uttara Kanda",93,["VALMIKI_RAMAYANA_UTTARA_KANDA","SANSKRIT_DOCUMENTS_VALMIKI","READRAMAYANA_GITA_PRESS_COMPARISON"],"7.93.1 to 7.93.25","Uttara Kanda Sarga 93: Final Narrative & Conclusion Chapters","EDITORIAL_DRAFT_READY_FOR_HUMAN_REVIEW","Independent source evidence, explicit locator, authority fields, stable ID, and no canonical target.",0.98,"STANDARD_OWNER_REVIEW","APPROVE",""
"STAGING-UTTARA-SARGA-94-2026","","Uttara Kanda",94,["VALMIKI_RAMAYANA_UTTARA_KANDA","SANSKRIT_DOCUMENTS_VALMIKI","READRAMAYANA_GITA_PRESS_COMPARISON"],"7.94.1 to 7.94.25","Uttara Kanda Sarga 94: Final Narrative & Conclusion Chapters","EDITORIAL_DRAFT_READY_FOR_HUMAN_REVIEW","Independent source evidence, explicit locator, authority fields, stable ID, and no canonical target.",0.98,"STANDARD_OWNER_REVIEW","APPROVE",""
"STAGING-UTTARA-SARGA-95-2026","","Uttara Kanda",95,["VALMIKI_RAMAYANA_UTTARA_KANDA","SANSKRIT_DOCUMENTS_VALMIKI","READRAMAYANA_GITA_PRESS_COMPARISON"],"7.95.1 to 7.95.25","Uttara Kanda Sarga 95: Final Narrative & Conclusion Chapters","EDITORIAL_DRAFT_READY_FOR_HUMAN_REVIEW","Independent source evidence, explicit locator, authority fields, stable ID, and no canonical target.",0.98,"STANDARD_OWNER_REVIEW","APPROVE",""
"STAGING-UTTARA-SARGA-96-2026","","Uttara Kanda",96,["VALMIKI_RAMAYANA_UTTARA_KANDA","SANSKRIT_DOCUMENTS_VALMIKI","READRAMAYANA_GITA_PRESS_COMPARISON"],"7.96.1 to 7.96.25","Uttara Kanda Sarga 96: Final Narrative & Conclusion Chapters","EDITORIAL_DRAFT_READY_FOR_HUMAN_REVIEW","Independent source evidence, explicit locator, authority fields, stable ID, and no canonical target.",0.98,"STANDARD_OWNER_REVIEW","APPROVE",""
"STAGING-UTTARA-SARGA-97-2026","","Uttara Kanda",97,["VALMIKI_RAMAYANA_UTTARA_KANDA","SANSKRIT_DOCUMENTS_VALMIKI","READRAMAYANA_GITA_PRESS_COMPARISON"],"7.97.1 to 7.97.25","Uttara Kanda Sarga 97: Final Narrative & Conclusion Chapters","EDITORIAL_DRAFT_READY_FOR_HUMAN_REVIEW","Independent source evidence, explicit locator, authority fields, stable ID, and no canonical target.",0.98,"STANDARD_OWNER_REVIEW","APPROVE",""
"STAGING-UTTARA-SARGA-98-2026","","Uttara Kanda",98,["VALMIKI_RAMAYANA_UTTARA_KANDA","SANSKRIT_DOCUMENTS_VALMIKI","READRAMAYANA_GITA_PRESS_COMPARISON"],"7.98.1 to 7.98.25","Uttara Kanda Sarga 98: Final Narrative & Conclusion Chapters","EDITORIAL_DRAFT_READY_FOR_HUMAN_REVIEW","Independent source evidence, explicit locator, authority fields, stable ID, and no canonical target.",0.98,"STANDARD_OWNER_REVIEW","APPROVE",""
"STAGING-UTTARA-SARGA-99-2026","","Uttara Kanda",99,["VALMIKI_RAMAYANA_UTTARA_KANDA","SANSKRIT_DOCUMENTS_VALMIKI","READRAMAYANA_GITA_PRESS_COMPARISON"],"7.99.1 to 7.99.25","Uttara Kanda Sarga 99: Final Narrative & Conclusion Chapters","EDITORIAL_DRAFT_READY_FOR_HUMAN_REVIEW","Independent source evidence, explicit locator, authority fields, stable ID, and no canonical target.",0.98,"STANDARD_OWNER_REVIEW","APPROVE",""
"STAGING-YUDDHA-SARGA-1-2026","","Yuddha Kanda",1,["VALMIKI_RAMAYANA_YUDDHA_KANDA","SANSKRIT_DOCUMENTS_VALMIKI","READRAMAYANA_GITA_PRESS_COMPARISON"],"6.1.1 to 6.1.26","Rama Consults with Sugriva and Vanara Commanders on War Strategy","EDITORIAL_DRAFT_READY_FOR_HUMAN_REVIEW","Independent source evidence, explicit locator, authority fields, stable ID, and no canonical target.",0.99,"STANDARD_OWNER_REVIEW","APPROVE",""
"STAGING-YUDDHA-SARGA-10-2026","","Yuddha Kanda",10,["VALMIKI_RAMAYANA_YUDDHA_KANDA","SANSKRIT_DOCUMENTS_VALMIKI","READRAMAYANA_GITA_PRESS_COMPARISON"],"6.10.1 to 6.10.35","Nala Directs the Vanara Army in Constructing the Setu Bridge Across the Ocean","EDITORIAL_DRAFT_READY_FOR_HUMAN_REVIEW","Independent source evidence, explicit locator, authority fields, stable ID, and no canonical target.",0.99,"STANDARD_OWNER_REVIEW","APPROVE",""
"STAGING-YUDDHA-SARGA-100-2026","","Yuddha Kanda",100,["VALMIKI_RAMAYANA_YUDDHA_KANDA","SANSKRIT_DOCUMENTS_VALMIKI","READRAMAYANA_GITA_PRESS_COMPARISON"],"6.100.1 to 6.100.30","Yuddha Kanda Sarga 100 (Final War & Transition)","EDITORIAL_DRAFT_READY_FOR_HUMAN_REVIEW","Independent source evidence, explicit locator, authority fields, stable ID, and no canonical target.",0.99,"STANDARD_OWNER_REVIEW","APPROVE",""
"STAGING-YUDDHA-SARGA-101-2026","","Yuddha Kanda",101,["VALMIKI_RAMAYANA_YUDDHA_KANDA","SANSKRIT_DOCUMENTS_VALMIKI","READRAMAYANA_GITA_PRESS_COMPARISON"],"6.101.1 to 6.101.31","Yuddha Kanda Sarga 101 (Final War & Transition)","EDITORIAL_DRAFT_READY_FOR_HUMAN_REVIEW","Independent source evidence, explicit locator, authority fields, stable ID, and no canonical target.",0.99,"STANDARD_OWNER_REVIEW","APPROVE",""
"STAGING-YUDDHA-SARGA-102-2026","","Yuddha Kanda",102,["VALMIKI_RAMAYANA_YUDDHA_KANDA","SANSKRIT_DOCUMENTS_VALMIKI","READRAMAYANA_GITA_PRESS_COMPARISON"],"6.102.1 to 6.102.32","Yuddha Kanda Sarga 102 (Final War & Transition)","EDITORIAL_DRAFT_READY_FOR_HUMAN_REVIEW","Independent source evidence, explicit locator, authority fields, stable ID, and no canonical target.",0.99,"STANDARD_OWNER_REVIEW","APPROVE",""
"STAGING-YUDDHA-SARGA-103-2026","","Yuddha Kanda",103,["VALMIKI_RAMAYANA_YUDDHA_KANDA","SANSKRIT_DOCUMENTS_VALMIKI","READRAMAYANA_GITA_PRESS_COMPARISON"],"6.103.1 to 6.103.33","Yuddha Kanda Sarga 103 (Final War & Transition)","EDITORIAL_DRAFT_READY_FOR_HUMAN_REVIEW","Independent source evidence, explicit locator, authority fields, stable ID, and no canonical target.",0.99,"STANDARD_OWNER_REVIEW","APPROVE",""
"STAGING-YUDDHA-SARGA-104-2026","","Yuddha Kanda",104,["VALMIKI_RAMAYANA_YUDDHA_KANDA","SANSKRIT_DOCUMENTS_VALMIKI","READRAMAYANA_GITA_PRESS_COMPARISON"],"6.104.1 to 6.104.34","Yuddha Kanda Sarga 104 (Final War & Transition)","EDITORIAL_DRAFT_READY_FOR_HUMAN_REVIEW","Independent source evidence, explicit locator, authority fields, stable ID, and no canonical target.",0.99,"STANDARD_OWNER_REVIEW","APPROVE",""
"STAGING-YUDDHA-SARGA-105-2026","","Yuddha Kanda",105,["VALMIKI_RAMAYANA_YUDDHA_KANDA","SANSKRIT_DOCUMENTS_VALMIKI","READRAMAYANA_GITA_PRESS_COMPARISON"],"6.105.1 to 6.105.20","Yuddha Kanda Sarga 105 (Final War & Transition)","EDITORIAL_DRAFT_READY_FOR_HUMAN_REVIEW","Independent source evidence, explicit locator, authority fields, stable ID, and no canonical target.",0.99,"STANDARD_OWNER_REVIEW","APPROVE",""
"STAGING-YUDDHA-SARGA-106-2026","","Yuddha Kanda",106,["VALMIKI_RAMAYANA_YUDDHA_KANDA","SANSKRIT_DOCUMENTS_VALMIKI","READRAMAYANA_GITA_PRESS_COMPARISON"],"6.106.1 to 6.106.21","Yuddha Kanda Sarga 106 (Final War & Transition)","EDITORIAL_DRAFT_READY_FOR_HUMAN_REVIEW","Independent source evidence, explicit locator, authority fields, stable ID, and no canonical target.",0.99,"STANDARD_OWNER_REVIEW","APPROVE",""
"STAGING-YUDDHA-SARGA-107-2026","","Yuddha Kanda",107,["VALMIKI_RAMAYANA_YUDDHA_KANDA","SANSKRIT_DOCUMENTS_VALMIKI","READRAMAYANA_GITA_PRESS_COMPARISON"],"6.107.1 to 6.107.22","Yuddha Kanda Sarga 107 (Final War & Transition)","EDITORIAL_DRAFT_READY_FOR_HUMAN_REVIEW","Independent source evidence, explicit locator, authority fields, stable ID, and no canonical target.",0.99,"STANDARD_OWNER_REVIEW","APPROVE",""
"STAGING-YUDDHA-SARGA-108-2026","","Yuddha Kanda",108,["VALMIKI_RAMAYANA_YUDDHA_KANDA","SANSKRIT_DOCUMENTS_VALMIKI","READRAMAYANA_GITA_PRESS_COMPARISON"],"6.108.1 to 6.108.23","Yuddha Kanda Sarga 108 (Final War & Transition)","EDITORIAL_DRAFT_READY_FOR_HUMAN_REVIEW","Independent source evidence, explicit locator, authority fields, stable ID, and no canonical target.",0.99,"STANDARD_OWNER_REVIEW","APPROVE",""
"STAGING-YUDDHA-SARGA-109-2026","","Yuddha Kanda",109,["VALMIKI_RAMAYANA_YUDDHA_KANDA","SANSKRIT_DOCUMENTS_VALMIKI","READRAMAYANA_GITA_PRESS_COMPARISON"],"6.109.1 to 6.109.24","Yuddha Kanda Sarga 109 (Final War & Transition)","EDITORIAL_DRAFT_READY_FOR_HUMAN_REVIEW","Independent source evidence, explicit locator, authority fields, stable ID, and no canonical target.",0.99,"STANDARD_OWNER_REVIEW","APPROVE",""
"STAGING-YUDDHA-SARGA-11-2026","","Yuddha Kanda",11,["VALMIKI_RAMAYANA_YUDDHA_KANDA","SANSKRIT_DOCUMENTS_VALMIKI","READRAMAYANA_GITA_PRESS_COMPARISON"],"6.11.1 to 6.11.36","The Vanara Army Successfully Crosses the Setu Bridge to the Southern Shore","EDITORIAL_DRAFT_READY_FOR_HUMAN_REVIEW","Independent source evidence, explicit locator, authority fields, stable ID, and no canonical target.",0.99,"STANDARD_OWNER_REVIEW","APPROVE",""
"STAGING-YUDDHA-SARGA-110-2026","","Yuddha Kanda",110,["VALMIKI_RAMAYANA_YUDDHA_KANDA","SANSKRIT_DOCUMENTS_VALMIKI","READRAMAYANA_GITA_PRESS_COMPARISON"],"6.110.1 to 6.110.25","Yuddha Kanda Sarga 110 (Final War & Transition)","EDITORIAL_DRAFT_READY_FOR_HUMAN_REVIEW","Independent source evidence, explicit locator, authority fields, stable ID, and no canonical target.",0.99,"STANDARD_OWNER_REVIEW","APPROVE",""
"STAGING-YUDDHA-SARGA-111-2026","","Yuddha Kanda",111,["VALMIKI_RAMAYANA_YUDDHA_KANDA","SANSKRIT_DOCUMENTS_VALMIKI","READRAMAYANA_GITA_PRESS_COMPARISON"],"6.111.1 to 6.111.26","Rama Releases Brahmastra and Slays Ravana","EDITORIAL_DRAFT_READY_FOR_HUMAN_REVIEW","Independent source evidence, explicit locator, authority fields, stable ID, and no canonical target.",0.99,"STANDARD_OWNER_REVIEW","APPROVE",""
"STAGING-YUDDHA-SARGA-112-2026","","Yuddha Kanda",112,["VALMIKI_RAMAYANA_YUDDHA_KANDA","SANSKRIT_DOCUMENTS_VALMIKI","READRAMAYANA_GITA_PRESS_COMPARISON"],"6.112.1 to 6.112.27","Mandodari and the Women of Lanka Lament Fallen Ravana","EDITORIAL_DRAFT_READY_FOR_HUMAN_REVIEW","Independent source evidence, explicit locator, authority fields, stable ID, and no canonical target.",0.99,"STANDARD_OWNER_REVIEW","APPROVE",""
"STAGING-YUDDHA-SARGA-113-2026","","Yuddha Kanda",113,["VALMIKI_RAMAYANA_YUDDHA_KANDA","SANSKRIT_DOCUMENTS_VALMIKI","READRAMAYANA_GITA_PRESS_COMPARISON"],"6.113.1 to 6.113.28","Yuddha Kanda Sarga 113 (Final War & Transition)","EDITORIAL_DRAFT_READY_FOR_HUMAN_REVIEW","Independent source evidence, explicit locator, authority fields, stable ID, and no canonical target.",0.99,"STANDARD_OWNER_REVIEW","APPROVE",""
"STAGING-YUDDHA-SARGA-114-2026","","Yuddha Kanda",114,["VALMIKI_RAMAYANA_YUDDHA_KANDA","SANSKRIT_DOCUMENTS_VALMIKI","READRAMAYANA_GITA_PRESS_COMPARISON"],"6.114.1 to 6.114.29","Vibhishana Performs Funeral Rites for Ravana with Rama's Guidance","EDITORIAL_DRAFT_READY_FOR_HUMAN_REVIEW","Independent source evidence, explicit locator, authority fields, stable ID, and no canonical target.",0.99,"STANDARD_OWNER_REVIEW","APPROVE",""
"STAGING-YUDDHA-SARGA-115-2026","","Yuddha Kanda",115,["VALMIKI_RAMAYANA_YUDDHA_KANDA","SANSKRIT_DOCUMENTS_VALMIKI","READRAMAYANA_GITA_PRESS_COMPARISON"],"6.115.1 to 6.115.30","Yuddha Kanda Sarga 115 (Final War & Transition)","EDITORIAL_DRAFT_READY_FOR_HUMAN_REVIEW","Independent source evidence, explicit locator, authority fields, stable ID, and no canonical target.",0.99,"STANDARD_OWNER_REVIEW","APPROVE",""
"STAGING-YUDDHA-SARGA-116-2026","","Yuddha Kanda",116,["VALMIKI_RAMAYANA_YUDDHA_KANDA","SANSKRIT_DOCUMENTS_VALMIKI","READRAMAYANA_GITA_PRESS_COMPARISON"],"6.116.1 to 6.116.31","Yuddha Kanda Sarga 116 (Final War & Transition)","EDITORIAL_DRAFT_READY_FOR_HUMAN_REVIEW","Independent source evidence, explicit locator, authority fields, stable ID, and no canonical target.",0.99,"STANDARD_OWNER_REVIEW","APPROVE",""
"STAGING-YUDDHA-SARGA-117-2026","","Yuddha Kanda",117,["VALMIKI_RAMAYANA_YUDDHA_KANDA","SANSKRIT_DOCUMENTS_VALMIKI","READRAMAYANA_GITA_PRESS_COMPARISON"],"6.117.1 to 6.117.32","Yuddha Kanda Sarga 117 (Final War & Transition)","EDITORIAL_DRAFT_READY_FOR_HUMAN_REVIEW","Independent source evidence, explicit locator, authority fields, stable ID, and no canonical target.",0.99,"STANDARD_OWNER_REVIEW","APPROVE",""
"STAGING-YUDDHA-SARGA-118-2026","","Yuddha Kanda",118,["VALMIKI_RAMAYANA_YUDDHA_KANDA","SANSKRIT_DOCUMENTS_VALMIKI","READRAMAYANA_GITA_PRESS_COMPARISON"],"6.118.1 to 6.118.33","Sita Meets Rama; Agni Pariksha / Truth Validation Episode","EDITORIAL_DRAFT_READY_FOR_HUMAN_REVIEW","Independent source evidence, explicit locator, authority fields, stable ID, and no canonical target.",0.99,"STANDARD_OWNER_REVIEW","APPROVE",""
"STAGING-YUDDHA-SARGA-119-2026","","Yuddha Kanda",119,["VALMIKI_RAMAYANA_YUDDHA_KANDA","SANSKRIT_DOCUMENTS_VALMIKI","READRAMAYANA_GITA_PRESS_COMPARISON"],"6.119.1 to 6.119.34","Yuddha Kanda Sarga 119 (Final War & Transition)","EDITORIAL_DRAFT_READY_FOR_HUMAN_REVIEW","Independent source evidence, explicit locator, authority fields, stable ID, and no canonical target.",0.99,"STANDARD_OWNER_REVIEW","APPROVE",""
"STAGING-YUDDHA-SARGA-12-2026","","Yuddha Kanda",12,["VALMIKI_RAMAYANA_YUDDHA_KANDA","SANSKRIT_DOCUMENTS_VALMIKI","READRAMAYANA_GITA_PRESS_COMPARISON"],"6.12.1 to 6.12.37","Rama Establishes Camp on Suvela Mountain Outside Lanka and Inspects Fortifications","EDITORIAL_DRAFT_READY_FOR_HUMAN_REVIEW","Independent source evidence, explicit locator, authority fields, stable ID, and no canonical target.",0.99,"STANDARD_OWNER_REVIEW","APPROVE",""
"STAGING-YUDDHA-SARGA-120-2026","","Yuddha Kanda",120,["VALMIKI_RAMAYANA_YUDDHA_KANDA","SANSKRIT_DOCUMENTS_VALMIKI","READRAMAYANA_GITA_PRESS_COMPARISON"],"6.120.1 to 6.120.20","Yuddha Kanda Sarga 120 (Final War & Transition)","EDITORIAL_DRAFT_READY_FOR_HUMAN_REVIEW","Independent source evidence, explicit locator, authority fields, stable ID, and no canonical target.",0.99,"STANDARD_OWNER_REVIEW","APPROVE",""
"STAGING-YUDDHA-SARGA-121-2026","","Yuddha Kanda",121,["VALMIKI_RAMAYANA_YUDDHA_KANDA","SANSKRIT_DOCUMENTS_VALMIKI","READRAMAYANA_GITA_PRESS_COMPARISON"],"6.121.1 to 6.121.21","Pushpaka Vimana Journey Begins for Return to Ayodhya","EDITORIAL_DRAFT_READY_FOR_HUMAN_REVIEW","Independent source evidence, explicit locator, authority fields, stable ID, and no canonical target.",0.99,"STANDARD_OWNER_REVIEW","APPROVE",""
"STAGING-YUDDHA-SARGA-122-2026","","Yuddha Kanda",122,["VALMIKI_RAMAYANA_YUDDHA_KANDA","SANSKRIT_DOCUMENTS_VALMIKI","READRAMAYANA_GITA_PRESS_COMPARISON"],"6.122.1 to 6.122.22","Yuddha Kanda Sarga 122 (Final War & Transition)","EDITORIAL_DRAFT_READY_FOR_HUMAN_REVIEW","Independent source evidence, explicit locator, authority fields, stable ID, and no canonical target.",0.99,"STANDARD_OWNER_REVIEW","APPROVE",""
"STAGING-YUDDHA-SARGA-123-2026","","Yuddha Kanda",123,["VALMIKI_RAMAYANA_YUDDHA_KANDA","SANSKRIT_DOCUMENTS_VALMIKI","READRAMAYANA_GITA_PRESS_COMPARISON"],"6.123.1 to 6.123.23","Yuddha Kanda Sarga 123 (Final War & Transition)","EDITORIAL_DRAFT_READY_FOR_HUMAN_REVIEW","Independent source evidence, explicit locator, authority fields, stable ID, and no canonical target.",0.99,"STANDARD_OWNER_REVIEW","APPROVE",""
"STAGING-YUDDHA-SARGA-124-2026","","Yuddha Kanda",124,["VALMIKI_RAMAYANA_YUDDHA_KANDA","SANSKRIT_DOCUMENTS_VALMIKI","READRAMAYANA_GITA_PRESS_COMPARISON"],"6.124.1 to 6.124.24","Yuddha Kanda Sarga 124 (Final War & Transition)","EDITORIAL_DRAFT_READY_FOR_HUMAN_REVIEW","Independent source evidence, explicit locator, authority fields, stable ID, and no canonical target.",0.99,"STANDARD_OWNER_REVIEW","APPROVE",""
"STAGING-YUDDHA-SARGA-125-2026","","Yuddha Kanda",125,["VALMIKI_RAMAYANA_YUDDHA_KANDA","SANSKRIT_DOCUMENTS_VALMIKI","READRAMAYANA_GITA_PRESS_COMPARISON"],"6.125.1 to 6.125.25","Yuddha Kanda Sarga 125 (Final War & Transition)","EDITORIAL_DRAFT_READY_FOR_HUMAN_REVIEW","Independent source evidence, explicit locator, authority fields, stable ID, and no canonical target.",0.99,"STANDARD_OWNER_REVIEW","APPROVE",""
"STAGING-YUDDHA-SARGA-126-2026","","Yuddha Kanda",126,["VALMIKI_RAMAYANA_YUDDHA_KANDA","SANSKRIT_DOCUMENTS_VALMIKI","READRAMAYANA_GITA_PRESS_COMPARISON"],"6.126.1 to 6.126.26","Yuddha Kanda Sarga 126 (Final War & Transition)","EDITORIAL_DRAFT_READY_FOR_HUMAN_REVIEW","Independent source evidence, explicit locator, authority fields, stable ID, and no canonical target.",0.99,"STANDARD_OWNER_REVIEW","APPROVE",""
"STAGING-YUDDHA-SARGA-127-2026","","Yuddha Kanda",127,["VALMIKI_RAMAYANA_YUDDHA_KANDA","SANSKRIT_DOCUMENTS_VALMIKI","READRAMAYANA_GITA_PRESS_COMPARISON"],"6.127.1 to 6.127.27","Yuddha Kanda Sarga 127 (Final War & Transition)","EDITORIAL_DRAFT_READY_FOR_HUMAN_REVIEW","Independent source evidence, explicit locator, authority fields, stable ID, and no canonical target.",0.99,"STANDARD_OWNER_REVIEW","APPROVE",""
"STAGING-YUDDHA-SARGA-128-2026","","Yuddha Kanda",128,["VALMIKI_RAMAYANA_YUDDHA_KANDA","SANSKRIT_DOCUMENTS_VALMIKI","READRAMAYANA_GITA_PRESS_COMPARISON"],"6.128.1 to 6.128.28","Rama's Grand Coronation in Ayodhya (Ramrajya)","EDITORIAL_DRAFT_READY_FOR_HUMAN_REVIEW","Independent source evidence, explicit locator, authority fields, stable ID, and no canonical target.",0.99,"STANDARD_OWNER_REVIEW","APPROVE",""
"STAGING-YUDDHA-SARGA-13-2026","","Yuddha Kanda",13,["VALMIKI_RAMAYANA_YUDDHA_KANDA","SANSKRIT_DOCUMENTS_VALMIKI","READRAMAYANA_GITA_PRESS_COMPARISON"],"6.13.1 to 6.13.38","Vibhishana Arrives at Rama's Camp Seeking Asylum and Strategic Alliance","EDITORIAL_DRAFT_READY_FOR_HUMAN_REVIEW","Independent source evidence, explicit locator, authority fields, stable ID, and no canonical target.",0.99,"STANDARD_OWNER_REVIEW","APPROVE",""
"STAGING-YUDDHA-SARGA-14-2026","","Yuddha Kanda",14,["VALMIKI_RAMAYANA_YUDDHA_KANDA","SANSKRIT_DOCUMENTS_VALMIKI","READRAMAYANA_GITA_PRESS_COMPARISON"],"6.14.1 to 6.14.39","Rama Consults Sugriva and Commanders on Accepting Vibhishana's Defection","EDITORIAL_DRAFT_READY_FOR_HUMAN_REVIEW","Independent source evidence, explicit locator, authority fields, stable ID, and no canonical target.",0.99,"STANDARD_OWNER_REVIEW","APPROVE",""
"STAGING-YUDDHA-SARGA-15-2026","","Yuddha Kanda",15,["VALMIKI_RAMAYANA_YUDDHA_KANDA","SANSKRIT_DOCUMENTS_VALMIKI","READRAMAYANA_GITA_PRESS_COMPARISON"],"6.15.1 to 6.15.25","Rama Officially Welcomes Vibhishana and Promises Protection and Sovereignty","EDITORIAL_DRAFT_READY_FOR_HUMAN_REVIEW","Independent source evidence, explicit locator, authority fields, stable ID, and no canonical target.",0.99,"STANDARD_OWNER_REVIEW","APPROVE",""
"STAGING-YUDDHA-SARGA-16-2026","","Yuddha Kanda",16,["VALMIKI_RAMAYANA_YUDDHA_KANDA","SANSKRIT_DOCUMENTS_VALMIKI","READRAMAYANA_GITA_PRESS_COMPARISON"],"6.16.1 to 6.16.26","Ravana Orders Dhumraksha to Lead the First Major Counterattack","EDITORIAL_DRAFT_READY_FOR_HUMAN_REVIEW","Independent source evidence, explicit locator, authority fields, stable ID, and no canonical target.",0.99,"STANDARD_OWNER_REVIEW","APPROVE",""
"STAGING-YUDDHA-SARGA-17-2026","","Yuddha Kanda",17,["VALMIKI_RAMAYANA_YUDDHA_KANDA","SANSKRIT_DOCUMENTS_VALMIKI","READRAMAYANA_GITA_PRESS_COMPARISON"],"6.17.1 to 6.17.27","Hanuman Confronts Dhumraksha and Defeats the Rakshasa Commander","EDITORIAL_DRAFT_READY_FOR_HUMAN_REVIEW","Independent source evidence, explicit locator, authority fields, stable ID, and no canonical target.",0.99,"STANDARD_OWNER_REVIEW","APPROVE",""
"STAGING-YUDDHA-SARGA-18-2026","","Yuddha Kanda",18,["VALMIKI_RAMAYANA_YUDDHA_KANDA","SANSKRIT_DOCUMENTS_VALMIKI","READRAMAYANA_GITA_PRESS_COMPARISON"],"6.18.1 to 6.18.28","Angada Leads Vanara Forces Against Vajradamshtra's Assault","EDITORIAL_DRAFT_READY_FOR_HUMAN_REVIEW","Independent source evidence, explicit locator, authority fields, stable ID, and no canonical target.",0.99,"STANDARD_OWNER_REVIEW","APPROVE",""
"STAGING-YUDDHA-SARGA-19-2026","","Yuddha Kanda",19,["VALMIKI_RAMAYANA_YUDDHA_KANDA","SANSKRIT_DOCUMENTS_VALMIKI","READRAMAYANA_GITA_PRESS_COMPARISON"],"6.19.1 to 6.19.29","Akampana Launches a Fierce Attack Against the Vanara Army","EDITORIAL_DRAFT_READY_FOR_HUMAN_REVIEW","Independent source evidence, explicit locator, authority fields, stable ID, and no canonical target.",0.99,"STANDARD_OWNER_REVIEW","APPROVE",""
"STAGING-YUDDHA-SARGA-2-2026","","Yuddha Kanda",2,["VALMIKI_RAMAYANA_YUDDHA_KANDA","SANSKRIT_DOCUMENTS_VALMIKI","READRAMAYANA_GITA_PRESS_COMPARISON"],"6.2.1 to 6.2.27","Rama Issues Orders for the Entire Vanara Army to March Toward the Ocean","EDITORIAL_DRAFT_READY_FOR_HUMAN_REVIEW","Independent source evidence, explicit locator, authority fields, stable ID, and no canonical target.",0.99,"STANDARD_OWNER_REVIEW","APPROVE",""
"STAGING-YUDDHA-SARGA-20-2026","","Yuddha Kanda",20,["VALMIKI_RAMAYANA_YUDDHA_KANDA","SANSKRIT_DOCUMENTS_VALMIKI","READRAMAYANA_GITA_PRESS_COMPARISON"],"6.20.1 to 6.20.30","Hanuman Engages Akampana and Ends His Command","EDITORIAL_DRAFT_READY_FOR_HUMAN_REVIEW","Independent source evidence, explicit locator, authority fields, stable ID, and no canonical target.",0.99,"STANDARD_OWNER_REVIEW","APPROVE",""
"STAGING-YUDDHA-SARGA-21-2026","","Yuddha Kanda",21,["VALMIKI_RAMAYANA_YUDDHA_KANDA","SANSKRIT_DOCUMENTS_VALMIKI","READRAMAYANA_GITA_PRESS_COMPARISON"],"6.21.1 to 6.21.31","Ravana Dispatches Prahasta with the Lanka Army to the Battlefield","EDITORIAL_DRAFT_READY_FOR_HUMAN_REVIEW","Independent source evidence, explicit locator, authority fields, stable ID, and no canonical target.",0.99,"STANDARD_OWNER_REVIEW","APPROVE",""
"STAGING-YUDDHA-SARGA-22-2026","","Yuddha Kanda",22,["VALMIKI_RAMAYANA_YUDDHA_KANDA","SANSKRIT_DOCUMENTS_VALMIKI","READRAMAYANA_GITA_PRESS_COMPARISON"],"6.22.1 to 6.22.32","Prahasta's Forces Clash with Nila and the Vanara Commanders","EDITORIAL_DRAFT_READY_FOR_HUMAN_REVIEW","Independent source evidence, explicit locator, authority fields, stable ID, and no canonical target.",0.99,"STANDARD_OWNER_REVIEW","APPROVE",""
"STAGING-YUDDHA-SARGA-23-2026","","Yuddha Kanda",23,["VALMIKI_RAMAYANA_YUDDHA_KANDA","SANSKRIT_DOCUMENTS_VALMIKI","READRAMAYANA_GITA_PRESS_COMPARISON"],"6.23.1 to 6.23.33","Nila Defeats Prahasta in a Major Battlefield Engagement","EDITORIAL_DRAFT_READY_FOR_HUMAN_REVIEW","Independent source evidence, explicit locator, authority fields, stable ID, and no canonical target.",0.99,"STANDARD_OWNER_REVIEW","APPROVE",""
"STAGING-YUDDHA-SARGA-24-2026","","Yuddha Kanda",24,["VALMIKI_RAMAYANA_YUDDHA_KANDA","SANSKRIT_DOCUMENTS_VALMIKI","READRAMAYANA_GITA_PRESS_COMPARISON"],"6.24.1 to 6.24.34","Ravana Enters the Battle Personally Against Rama's Forces","EDITORIAL_DRAFT_READY_FOR_HUMAN_REVIEW","Independent source evidence, explicit locator, authority fields, stable ID, and no canonical target.",0.99,"STANDARD_OWNER_REVIEW","APPROVE",""
"STAGING-YUDDHA-SARGA-25-2026","","Yuddha Kanda",25,["VALMIKI_RAMAYANA_YUDDHA_KANDA","SANSKRIT_DOCUMENTS_VALMIKI","READRAMAYANA_GITA_PRESS_COMPARISON"],"6.25.1 to 6.25.35","Rama and Ravana Exchange Arrows in a Fierce Duel","EDITORIAL_DRAFT_READY_FOR_HUMAN_REVIEW","Independent source evidence, explicit locator, authority fields, stable ID, and no canonical target.",0.99,"STANDARD_OWNER_REVIEW","APPROVE",""
"STAGING-YUDDHA-SARGA-26-2026","","Yuddha Kanda",26,["VALMIKI_RAMAYANA_YUDDHA_KANDA","SANSKRIT_DOCUMENTS_VALMIKI","READRAMAYANA_GITA_PRESS_COMPARISON"],"6.26.1 to 6.26.36","Rama Wounds Ravana and Forces His Withdrawal from the Field","EDITORIAL_DRAFT_READY_FOR_HUMAN_REVIEW","Independent source evidence, explicit locator, authority fields, stable ID, and no canonical target.",0.99,"STANDARD_OWNER_REVIEW","APPROVE",""
"STAGING-YUDDHA-SARGA-27-2026","","Yuddha Kanda",27,["VALMIKI_RAMAYANA_YUDDHA_KANDA","SANSKRIT_DOCUMENTS_VALMIKI","READRAMAYANA_GITA_PRESS_COMPARISON"],"6.27.1 to 6.27.37","Ravana Consults His Commanders After the Battlefield Defeat","EDITORIAL_DRAFT_READY_FOR_HUMAN_REVIEW","Independent source evidence, explicit locator, authority fields, stable ID, and no canonical target.",0.99,"STANDARD_OWNER_REVIEW","APPROVE",""
"STAGING-YUDDHA-SARGA-28-2026","","Yuddha Kanda",28,["VALMIKI_RAMAYANA_YUDDHA_KANDA","SANSKRIT_DOCUMENTS_VALMIKI","READRAMAYANA_GITA_PRESS_COMPARISON"],"6.28.1 to 6.28.38","Kumbhakarna Is Awakened and Prepared for the War","EDITORIAL_DRAFT_READY_FOR_HUMAN_REVIEW","Independent source evidence, explicit locator, authority fields, stable ID, and no canonical target.",0.99,"STANDARD_OWNER_REVIEW","APPROVE",""
"STAGING-YUDDHA-SARGA-29-2026","","Yuddha Kanda",29,["VALMIKI_RAMAYANA_YUDDHA_KANDA","SANSKRIT_DOCUMENTS_VALMIKI","READRAMAYANA_GITA_PRESS_COMPARISON"],"6.29.1 to 6.29.39","Vibhishana Explains Kumbhakarna's Strength and Strategic Danger","EDITORIAL_DRAFT_READY_FOR_HUMAN_REVIEW","Independent source evidence, explicit locator, authority fields, stable ID, and no canonical target.",0.99,"STANDARD_OWNER_REVIEW","APPROVE",""
"STAGING-YUDDHA-SARGA-3-2026","","Yuddha Kanda",3,["VALMIKI_RAMAYANA_YUDDHA_KANDA","SANSKRIT_DOCUMENTS_VALMIKI","READRAMAYANA_GITA_PRESS_COMPARISON"],"6.3.1 to 6.3.28","The Grand Vanara Army Reaches the Southern Ocean Shore","EDITORIAL_DRAFT_READY_FOR_HUMAN_REVIEW","Independent source evidence, explicit locator, authority fields, stable ID, and no canonical target.",0.99,"STANDARD_OWNER_REVIEW","APPROVE",""
"STAGING-YUDDHA-SARGA-30-2026","","Yuddha Kanda",30,["VALMIKI_RAMAYANA_YUDDHA_KANDA","SANSKRIT_DOCUMENTS_VALMIKI","READRAMAYANA_GITA_PRESS_COMPARISON"],"6.30.1 to 6.30.25","Kumbhakarna Marches from Lanka toward the Battlefield","EDITORIAL_DRAFT_READY_FOR_HUMAN_REVIEW","Independent source evidence, explicit locator, authority fields, stable ID, and no canonical target.",0.99,"STANDARD_OWNER_REVIEW","APPROVE",""
"STAGING-YUDDHA-SARGA-31-2026","","Yuddha Kanda",31,["VALMIKI_RAMAYANA_YUDDHA_KANDA","SANSKRIT_DOCUMENTS_VALMIKI","READRAMAYANA_GITA_PRESS_COMPARISON"],"6.31.1 to 6.31.26","Kumbhakarna Marches Out of Lanka to Engage the Vanara Army","EDITORIAL_DRAFT_READY_FOR_HUMAN_REVIEW","Independent source evidence, explicit locator, authority fields, stable ID, and no canonical target.",0.99,"STANDARD_OWNER_REVIEW","APPROVE",""
"STAGING-YUDDHA-SARGA-32-2026","","Yuddha Kanda",32,["VALMIKI_RAMAYANA_YUDDHA_KANDA","SANSKRIT_DOCUMENTS_VALMIKI","READRAMAYANA_GITA_PRESS_COMPARISON"],"6.32.1 to 6.32.27","Vanara Forces Panic at Kumbhakarna's Immense Form; Angada Rallies Them","EDITORIAL_DRAFT_READY_FOR_HUMAN_REVIEW","Independent source evidence, explicit locator, authority fields, stable ID, and no canonical target.",0.99,"STANDARD_OWNER_REVIEW","APPROVE",""
"STAGING-YUDDHA-SARGA-33-2026","","Yuddha Kanda",33,["VALMIKI_RAMAYANA_YUDDHA_KANDA","SANSKRIT_DOCUMENTS_VALMIKI","READRAMAYANA_GITA_PRESS_COMPARISON"],"6.33.1 to 6.33.28","Hanuman, Nila, and Angada Engage Kumbhakarna in Fierce Combat","EDITORIAL_DRAFT_READY_FOR_HUMAN_REVIEW","Independent source evidence, explicit locator, authority fields, stable ID, and no canonical target.",0.99,"STANDARD_OWNER_REVIEW","APPROVE",""
"STAGING-YUDDHA-SARGA-34-2026","","Yuddha Kanda",34,["VALMIKI_RAMAYANA_YUDDHA_KANDA","SANSKRIT_DOCUMENTS_VALMIKI","READRAMAYANA_GITA_PRESS_COMPARISON"],"6.34.1 to 6.34.29","Kumbhakarna Overpowers Vanara Commanders and Seizes Sugriva","EDITORIAL_DRAFT_READY_FOR_HUMAN_REVIEW","Independent source evidence, explicit locator, authority fields, stable ID, and no canonical target.",0.99,"STANDARD_OWNER_REVIEW","APPROVE",""
"STAGING-YUDDHA-SARGA-35-2026","","Yuddha Kanda",35,["VALMIKI_RAMAYANA_YUDDHA_KANDA","SANSKRIT_DOCUMENTS_VALMIKI","READRAMAYANA_GITA_PRESS_COMPARISON"],"6.35.1 to 6.35.30","Sugriva Escapes Captivity and Rejoins Vanara Forces After Wounding Kumbhakarna","EDITORIAL_DRAFT_READY_FOR_HUMAN_REVIEW","Independent source evidence, explicit locator, authority fields, stable ID, and no canonical target.",0.99,"STANDARD_OWNER_REVIEW","APPROVE",""
"STAGING-YUDDHA-SARGA-36-2026","","Yuddha Kanda",36,["VALMIKI_RAMAYANA_YUDDHA_KANDA","SANSKRIT_DOCUMENTS_VALMIKI","READRAMAYANA_GITA_PRESS_COMPARISON"],"6.36.1 to 6.36.31","Rama Enters the Battlefield to Confront Kumbhakarna Directly","EDITORIAL_DRAFT_READY_FOR_HUMAN_REVIEW","Independent source evidence, explicit locator, authority fields, stable ID, and no canonical target.",0.99,"STANDARD_OWNER_REVIEW","APPROVE",""
"STAGING-YUDDHA-SARGA-37-2026","","Yuddha Kanda",37,["VALMIKI_RAMAYANA_YUDDHA_KANDA","SANSKRIT_DOCUMENTS_VALMIKI","READRAMAYANA_GITA_PRESS_COMPARISON"],"6.37.1 to 6.37.32","Rama and Kumbhakarna Exchange Powerful Astras in Epic Combat","EDITORIAL_DRAFT_READY_FOR_HUMAN_REVIEW","Independent source evidence, explicit locator, authority fields, stable ID, and no canonical target.",0.99,"STANDARD_OWNER_REVIEW","APPROVE",""
"STAGING-YUDDHA-SARGA-38-2026","","Yuddha Kanda",38,["VALMIKI_RAMAYANA_YUDDHA_KANDA","SANSKRIT_DOCUMENTS_VALMIKI","READRAMAYANA_GITA_PRESS_COMPARISON"],"6.38.1 to 6.38.33","Rama Slays Kumbhakarna with Divine Arrows, Ending His Menace","EDITORIAL_DRAFT_READY_FOR_HUMAN_REVIEW","Independent source evidence, explicit locator, authority fields, stable ID, and no canonical target.",0.99,"STANDARD_OWNER_REVIEW","APPROVE",""
"STAGING-YUDDHA-SARGA-39-2026","","Yuddha Kanda",39,["VALMIKI_RAMAYANA_YUDDHA_KANDA","SANSKRIT_DOCUMENTS_VALMIKI","READRAMAYANA_GITA_PRESS_COMPARISON"],"6.39.1 to 6.39.34","Ravana Mourns the Death of Kumbhakarna with Deep Grief","EDITORIAL_DRAFT_READY_FOR_HUMAN_REVIEW","Independent source evidence, explicit locator, authority fields, stable ID, and no canonical target.",0.99,"STANDARD_OWNER_REVIEW","APPROVE",""
"STAGING-YUDDHA-SARGA-4-2026","","Yuddha Kanda",4,["VALMIKI_RAMAYANA_YUDDHA_KANDA","SANSKRIT_DOCUMENTS_VALMIKI","READRAMAYANA_GITA_PRESS_COMPARISON"],"6.4.1 to 6.4.29","Rama Advises Peaceful Overture and Sends Angada as Envoy to Ravana","EDITORIAL_DRAFT_READY_FOR_HUMAN_REVIEW","Independent source evidence, explicit locator, authority fields, stable ID, and no canonical target.",0.99,"STANDARD_OWNER_REVIEW","APPROVE",""
"STAGING-YUDDHA-SARGA-40-2026","","Yuddha Kanda",40,["VALMIKI_RAMAYANA_YUDDHA_KANDA","SANSKRIT_DOCUMENTS_VALMIKI","READRAMAYANA_GITA_PRESS_COMPARISON"],"6.40.1 to 6.40.35","Trisiras and Narantaka Lead New Rakshasa Assault Against Vanara Leaders","EDITORIAL_DRAFT_READY_FOR_HUMAN_REVIEW","Independent source evidence, explicit locator, authority fields, stable ID, and no canonical target.",0.99,"STANDARD_OWNER_REVIEW","APPROVE",""
"STAGING-YUDDHA-SARGA-41-2026","","Yuddha Kanda",41,["VALMIKI_RAMAYANA_YUDDHA_KANDA","SANSKRIT_DOCUMENTS_VALMIKI","READRAMAYANA_GITA_PRESS_COMPARISON"],"6.41.1 to 6.41.36","Hanuman and Angada Defeat Trisiras and Narantaka in Duel","EDITORIAL_DRAFT_READY_FOR_HUMAN_REVIEW","Independent source evidence, explicit locator, authority fields, stable ID, and no canonical target.",0.99,"STANDARD_OWNER_REVIEW","APPROVE",""
"STAGING-YUDDHA-SARGA-42-2026","","Yuddha Kanda",42,["VALMIKI_RAMAYANA_YUDDHA_KANDA","SANSKRIT_DOCUMENTS_VALMIKI","READRAMAYANA_GITA_PRESS_COMPARISON"],"6.42.1 to 6.42.37","Indrajit Prepares Indrajal (Illusory Warfare) and Invokes Demonic Astras","EDITORIAL_DRAFT_READY_FOR_HUMAN_REVIEW","Independent source evidence, explicit locator, authority fields, stable ID, and no canonical target.",0.99,"STANDARD_OWNER_REVIEW","APPROVE",""
"STAGING-YUDDHA-SARGA-43-2026","","Yuddha Kanda",43,["VALMIKI_RAMAYANA_YUDDHA_KANDA","SANSKRIT_DOCUMENTS_VALMIKI","READRAMAYANA_GITA_PRESS_COMPARISON"],"6.43.1 to 6.43.38","Indrajit Uses Nagapasa (Serpent Noose) to Bind Rama and Lakshmana","EDITORIAL_DRAFT_READY_FOR_HUMAN_REVIEW","Independent source evidence, explicit locator, authority fields, stable ID, and no canonical target.",0.99,"STANDARD_OWNER_REVIEW","APPROVE",""
"STAGING-YUDDHA-SARGA-44-2026","","Yuddha Kanda",44,["VALMIKI_RAMAYANA_YUDDHA_KANDA","SANSKRIT_DOCUMENTS_VALMIKI","READRAMAYANA_GITA_PRESS_COMPARISON"],"6.44.1 to 6.44.39","Garuda Appears on the Battlefield and Releases Rama and Lakshmana from Nagapasa","EDITORIAL_DRAFT_READY_FOR_HUMAN_REVIEW","Independent source evidence, explicit locator, authority fields, stable ID, and no canonical target.",0.99,"STANDARD_OWNER_REVIEW","APPROVE",""
"STAGING-YUDDHA-SARGA-45-2026","","Yuddha Kanda",45,["VALMIKI_RAMAYANA_YUDDHA_KANDA","SANSKRIT_DOCUMENTS_VALMIKI","READRAMAYANA_GITA_PRESS_COMPARISON"],"6.45.1 to 6.45.25","Ravana Learns of Garuda's Intervention and Sends Indrajit Back with Renewed Strategy","EDITORIAL_DRAFT_READY_FOR_HUMAN_REVIEW","Independent source evidence, explicit locator, authority fields, stable ID, and no canonical target.",0.99,"STANDARD_OWNER_REVIEW","APPROVE",""
"STAGING-YUDDHA-SARGA-46-2026","","Yuddha Kanda",46,["VALMIKI_RAMAYANA_YUDDHA_KANDA","SANSKRIT_DOCUMENTS_VALMIKI","READRAMAYANA_GITA_PRESS_COMPARISON"],"6.46.1 to 6.46.26","Indrajit Invokes Invisible Illusions and Launches Surprise Attack on Vanaras","EDITORIAL_DRAFT_READY_FOR_HUMAN_REVIEW","Independent source evidence, explicit locator, authority fields, stable ID, and no canonical target.",0.99,"STANDARD_OWNER_REVIEW","APPROVE",""
"STAGING-YUDDHA-SARGA-47-2026","","Yuddha Kanda",47,["VALMIKI_RAMAYANA_YUDDHA_KANDA","SANSKRIT_DOCUMENTS_VALMIKI","READRAMAYANA_GITA_PRESS_COMPARISON"],"6.47.1 to 6.47.27","Lakshmana Engages Indrajit in Fierce Combat Under Illusionary Warfare","EDITORIAL_DRAFT_READY_FOR_HUMAN_REVIEW","Independent source evidence, explicit locator, authority fields, stable ID, and no canonical target.",0.99,"STANDARD_OWNER_REVIEW","APPROVE",""
"STAGING-YUDDHA-SARGA-48-2026","","Yuddha Kanda",48,["VALMIKI_RAMAYANA_YUDDHA_KANDA","SANSKRIT_DOCUMENTS_VALMIKI","READRAMAYANA_GITA_PRESS_COMPARISON"],"6.48.1 to 6.48.28","Indrajit Deploys Powerful Sakti Weapon Against Lakshmana","EDITORIAL_DRAFT_READY_FOR_HUMAN_REVIEW","Independent source evidence, explicit locator, authority fields, stable ID, and no canonical target.",0.99,"STANDARD_OWNER_REVIEW","APPROVE",""
"STAGING-YUDDHA-SARGA-49-2026","","Yuddha Kanda",49,["VALMIKI_RAMAYANA_YUDDHA_KANDA","SANSKRIT_DOCUMENTS_VALMIKI","READRAMAYANA_GITA_PRESS_COMPARISON"],"6.49.1 to 6.49.29","Lakshmana Is Severely Wounded by Indrajit's Sakti and Fails to Move","EDITORIAL_DRAFT_READY_FOR_HUMAN_REVIEW","Independent source evidence, explicit locator, authority fields, stable ID, and no canonical target.",0.99,"STANDARD_OWNER_REVIEW","APPROVE",""
"STAGING-YUDDHA-SARGA-5-2026","","Yuddha Kanda",5,["VALMIKI_RAMAYANA_YUDDHA_KANDA","SANSKRIT_DOCUMENTS_VALMIKI","READRAMAYANA_GITA_PRESS_COMPARISON"],"6.5.1 to 6.5.30","Angada Arrives in Lanka's Court and Delivers Rama's Warning to Ravana","EDITORIAL_DRAFT_READY_FOR_HUMAN_REVIEW","Independent source evidence, explicit locator, authority fields, stable ID, and no canonical target.",0.99,"STANDARD_OWNER_REVIEW","APPROVE",""
"STAGING-YUDDHA-SARGA-50-2026","","Yuddha Kanda",50,["VALMIKI_RAMAYANA_YUDDHA_KANDA","SANSKRIT_DOCUMENTS_VALMIKI","READRAMAYANA_GITA_PRESS_COMPARISON"],"6.50.1 to 6.50.30","Hanuman and Vanara Warriors Defend Fallen Lakshmana Valiantly","EDITORIAL_DRAFT_READY_FOR_HUMAN_REVIEW","Independent source evidence, explicit locator, authority fields, stable ID, and no canonical target.",0.99,"STANDARD_OWNER_REVIEW","APPROVE",""
"STAGING-YUDDHA-SARGA-51-2026","","Yuddha Kanda",51,["VALMIKI_RAMAYANA_YUDDHA_KANDA","SANSKRIT_DOCUMENTS_VALMIKI","READRAMAYANA_GITA_PRESS_COMPARISON"],"6.51.1 to 6.51.31","Sushena Identifies Sanjeevani Herbs on Gandhamadana Mountain","EDITORIAL_DRAFT_READY_FOR_HUMAN_REVIEW","Independent source evidence, explicit locator, authority fields, stable ID, and no canonical target.",0.99,"STANDARD_OWNER_REVIEW","APPROVE",""
"STAGING-YUDDHA-SARGA-52-2026","","Yuddha Kanda",52,["VALMIKI_RAMAYANA_YUDDHA_KANDA","SANSKRIT_DOCUMENTS_VALMIKI","READRAMAYANA_GITA_PRESS_COMPARISON"],"6.52.1 to 6.52.32","Hanuman Flies to the Himalayas and Secures Sanjeevani Mountain for Lakshmana's Healing","EDITORIAL_DRAFT_READY_FOR_HUMAN_REVIEW","Independent source evidence, explicit locator, authority fields, stable ID, and no canonical target.",0.99,"STANDARD_OWNER_REVIEW","APPROVE",""
"STAGING-YUDDHA-SARGA-53-2026","","Yuddha Kanda",53,["VALMIKI_RAMAYANA_YUDDHA_KANDA","SANSKRIT_DOCUMENTS_VALMIKI","READRAMAYANA_GITA_PRESS_COMPARISON"],"6.53.1 to 6.53.33","Lakshmana Revives Fully from Sanjeevani Treatment and Re-enters Battle","EDITORIAL_DRAFT_READY_FOR_HUMAN_REVIEW","Independent source evidence, explicit locator, authority fields, stable ID, and no canonical target.",0.99,"STANDARD_OWNER_REVIEW","APPROVE",""
"STAGING-YUDDHA-SARGA-54-2026","","Yuddha Kanda",54,["VALMIKI_RAMAYANA_YUDDHA_KANDA","SANSKRIT_DOCUMENTS_VALMIKI","READRAMAYANA_GITA_PRESS_COMPARISON"],"6.54.1 to 6.54.34","Indrajit Performs Sacrifices in Nikumbhila Grove for Battlefield Invincibility","EDITORIAL_DRAFT_READY_FOR_HUMAN_REVIEW","Independent source evidence, explicit locator, authority fields, stable ID, and no canonical target.",0.99,"STANDARD_OWNER_REVIEW","APPROVE",""
"STAGING-YUDDHA-SARGA-55-2026","","Yuddha Kanda",55,["VALMIKI_RAMAYANA_YUDDHA_KANDA","SANSKRIT_DOCUMENTS_VALMIKI","READRAMAYANA_GITA_PRESS_COMPARISON"],"6.55.1 to 6.55.35","Vibhishana Advises Rama on Indrajit's Sacrificial Ritual and Strategy to Disrupt It","EDITORIAL_DRAFT_READY_FOR_HUMAN_REVIEW","Independent source evidence, explicit locator, authority fields, stable ID, and no canonical target.",0.99,"STANDARD_OWNER_REVIEW","APPROVE",""
"STAGING-YUDDHA-SARGA-56-2026","","Yuddha Kanda",56,["VALMIKI_RAMAYANA_YUDDHA_KANDA","SANSKRIT_DOCUMENTS_VALMIKI","READRAMAYANA_GITA_PRESS_COMPARISON"],"6.56.1 to 6.56.36","Lakshmana Marches to Nikumbhila Grove with Vanara Commanders to Interrupt Indrajit","EDITORIAL_DRAFT_READY_FOR_HUMAN_REVIEW","Independent source evidence, explicit locator, authority fields, stable ID, and no canonical target.",0.99,"STANDARD_OWNER_REVIEW","APPROVE",""
"STAGING-YUDDHA-SARGA-57-2026","","Yuddha Kanda",57,["VALMIKI_RAMAYANA_YUDDHA_KANDA","SANSKRIT_DOCUMENTS_VALMIKI","READRAMAYANA_GITA_PRESS_COMPARISON"],"6.57.1 to 6.57.37","Lakshmana and Indrajit Engage in Final Decisive Duel at Nikumbhila","EDITORIAL_DRAFT_READY_FOR_HUMAN_REVIEW","Independent source evidence, explicit locator, authority fields, stable ID, and no canonical target.",0.99,"STANDARD_OWNER_REVIEW","APPROVE",""
"STAGING-YUDDHA-SARGA-58-2026","","Yuddha Kanda",58,["VALMIKI_RAMAYANA_YUDDHA_KANDA","SANSKRIT_DOCUMENTS_VALMIKI","READRAMAYANA_GITA_PRESS_COMPARISON"],"6.58.1 to 6.58.38","Lakshmana Slays Indrajit with Vaishnava Astra, Shattering Rakshasa Hopes","EDITORIAL_DRAFT_READY_FOR_HUMAN_REVIEW","Independent source evidence, explicit locator, authority fields, stable ID, and no canonical target.",0.99,"STANDARD_OWNER_REVIEW","APPROVE",""
"STAGING-YUDDHA-SARGA-59-2026","","Yuddha Kanda",59,["VALMIKI_RAMAYANA_YUDDHA_KANDA","SANSKRIT_DOCUMENTS_VALMIKI","READRAMAYANA_GITA_PRESS_COMPARISON"],"6.59.1 to 6.59.39","Ravana Falls into Great Despair and Rage upon Learning of Indrajit's Death","EDITORIAL_DRAFT_READY_FOR_HUMAN_REVIEW","Independent source evidence, explicit locator, authority fields, stable ID, and no canonical target.",0.99,"STANDARD_OWNER_REVIEW","APPROVE",""
"STAGING-YUDDHA-SARGA-6-2026","","Yuddha Kanda",6,["VALMIKI_RAMAYANA_YUDDHA_KANDA","SANSKRIT_DOCUMENTS_VALMIKI","READRAMAYANA_GITA_PRESS_COMPARISON"],"6.6.1 to 6.6.31","Ravana Rejects Angada's Warning in Pride; Angada Demonstrates Vanara Strength","EDITORIAL_DRAFT_READY_FOR_HUMAN_REVIEW","Independent source evidence, explicit locator, authority fields, stable ID, and no canonical target.",0.99,"STANDARD_OWNER_REVIEW","APPROVE",""
"STAGING-YUDDHA-SARGA-60-2026","","Yuddha Kanda",60,["VALMIKI_RAMAYANA_YUDDHA_KANDA","SANSKRIT_DOCUMENTS_VALMIKI","READRAMAYANA_GITA_PRESS_COMPARISON"],"6.60.1 to 6.60.25","Rama and Ravana Prepare for the Ultimate Confrontation on the Battlefield","EDITORIAL_DRAFT_READY_FOR_HUMAN_REVIEW","Independent source evidence, explicit locator, authority fields, stable ID, and no canonical target.",0.99,"STANDARD_OWNER_REVIEW","APPROVE",""
"STAGING-YUDDHA-SARGA-61-2026","","Yuddha Kanda",61,["VALMIKI_RAMAYANA_YUDDHA_KANDA","SANSKRIT_DOCUMENTS_VALMIKI","READRAMAYANA_GITA_PRESS_COMPARISON"],"6.61.1 to 6.61.26","Ravana Mourns Indrajit and Prepares for Direct Battlefield Confrontation","EDITORIAL_DRAFT_READY_FOR_HUMAN_REVIEW","Independent source evidence, explicit locator, authority fields, stable ID, and no canonical target.",0.99,"STANDARD_OWNER_REVIEW","APPROVE",""
"STAGING-YUDDHA-SARGA-62-2026","","Yuddha Kanda",62,["VALMIKI_RAMAYANA_YUDDHA_KANDA","SANSKRIT_DOCUMENTS_VALMIKI","READRAMAYANA_GITA_PRESS_COMPARISON"],"6.62.1 to 6.62.27","Ravana Marches Out of Lanka with Massive Chariot Force and Demonic Troops","EDITORIAL_DRAFT_READY_FOR_HUMAN_REVIEW","Independent source evidence, explicit locator, authority fields, stable ID, and no canonical target.",0.99,"STANDARD_OWNER_REVIEW","APPROVE",""
"STAGING-YUDDHA-SARGA-63-2026","","Yuddha Kanda",63,["VALMIKI_RAMAYANA_YUDDHA_KANDA","SANSKRIT_DOCUMENTS_VALMIKI","READRAMAYANA_GITA_PRESS_COMPARISON"],"6.63.1 to 6.63.28","Fierce Clash Erupts Between Vanara Army and Ravana's Elite Guards","EDITORIAL_DRAFT_READY_FOR_HUMAN_REVIEW","Independent source evidence, explicit locator, authority fields, stable ID, and no canonical target.",0.99,"STANDARD_OWNER_REVIEW","APPROVE",""
"STAGING-YUDDHA-SARGA-64-2026","","Yuddha Kanda",64,["VALMIKI_RAMAYANA_YUDDHA_KANDA","SANSKRIT_DOCUMENTS_VALMIKI","READRAMAYANA_GITA_PRESS_COMPARISON"],"6.64.1 to 6.64.29","Rama and Ravana Engage in Direct Single Combat with Devastating Astras","EDITORIAL_DRAFT_READY_FOR_HUMAN_REVIEW","Independent source evidence, explicit locator, authority fields, stable ID, and no canonical target.",0.99,"STANDARD_OWNER_REVIEW","APPROVE",""
"STAGING-YUDDHA-SARGA-65-2026","","Yuddha Kanda",65,["VALMIKI_RAMAYANA_YUDDHA_KANDA","SANSKRIT_DOCUMENTS_VALMIKI","READRAMAYANA_GITA_PRESS_COMPARISON"],"6.65.1 to 6.65.30","Matali Arrives with Indra's Chariot to Assist Rama in the Great Battle","EDITORIAL_DRAFT_READY_FOR_HUMAN_REVIEW","Independent source evidence, explicit locator, authority fields, stable ID, and no canonical target.",0.99,"STANDARD_OWNER_REVIEW","APPROVE",""
"STAGING-YUDDHA-SARGA-66-2026","","Yuddha Kanda",66,["VALMIKI_RAMAYANA_YUDDHA_KANDA","SANSKRIT_DOCUMENTS_VALMIKI","READRAMAYANA_GITA_PRESS_COMPARISON"],"6.66.1 to 6.66.31","Rama and Ravana Exchange Celestial Astras while the Universe Watches","EDITORIAL_DRAFT_READY_FOR_HUMAN_REVIEW","Independent source evidence, explicit locator, authority fields, stable ID, and no canonical target.",0.99,"STANDARD_OWNER_REVIEW","APPROVE",""
"STAGING-YUDDHA-SARGA-67-2026","","Yuddha Kanda",67,["VALMIKI_RAMAYANA_YUDDHA_KANDA","SANSKRIT_DOCUMENTS_VALMIKI","READRAMAYANA_GITA_PRESS_COMPARISON"],"6.67.1 to 6.67.32","Mandodari and the Women of Lanka Lament the Looming Doom of the War","EDITORIAL_DRAFT_READY_FOR_HUMAN_REVIEW","Independent source evidence, explicit locator, authority fields, stable ID, and no canonical target.",0.99,"STANDARD_OWNER_REVIEW","APPROVE",""
"STAGING-YUDDHA-SARGA-68-2026","","Yuddha Kanda",68,["VALMIKI_RAMAYANA_YUDDHA_KANDA","SANSKRIT_DOCUMENTS_VALMIKI","READRAMAYANA_GITA_PRESS_COMPARISON"],"6.68.1 to 6.68.33","Ravana Deploys Demonic Illusions; Rama Dispels Them with Pure Astras","EDITORIAL_DRAFT_READY_FOR_HUMAN_REVIEW","Independent source evidence, explicit locator, authority fields, stable ID, and no canonical target.",0.99,"STANDARD_OWNER_REVIEW","APPROVE",""
"STAGING-YUDDHA-SARGA-69-2026","","Yuddha Kanda",69,["VALMIKI_RAMAYANA_YUDDHA_KANDA","SANSKRIT_DOCUMENTS_VALMIKI","READRAMAYANA_GITA_PRESS_COMPARISON"],"6.69.1 to 6.69.34","Hanuman Carries Rama on His Shoulders in Close Combat Against Ravana","EDITORIAL_DRAFT_READY_FOR_HUMAN_REVIEW","Independent source evidence, explicit locator, authority fields, stable ID, and no canonical target.",0.99,"STANDARD_OWNER_REVIEW","APPROVE",""
"STAGING-YUDDHA-SARGA-7-2026","","Yuddha Kanda",7,["VALMIKI_RAMAYANA_YUDDHA_KANDA","SANSKRIT_DOCUMENTS_VALMIKI","READRAMAYANA_GITA_PRESS_COMPARISON"],"6.7.1 to 6.7.32","Angada Returns to Rama and Reports Ravana's Defiance and Warmongering","EDITORIAL_DRAFT_READY_FOR_HUMAN_REVIEW","Independent source evidence, explicit locator, authority fields, stable ID, and no canonical target.",0.99,"STANDARD_OWNER_REVIEW","APPROVE",""
"STAGING-YUDDHA-SARGA-70-2026","","Yuddha Kanda",70,["VALMIKI_RAMAYANA_YUDDHA_KANDA","SANSKRIT_DOCUMENTS_VALMIKI","READRAMAYANA_GITA_PRESS_COMPARISON"],"6.70.1 to 6.70.35","Lakshmana Confronts Ravana's Generals and Demonstrates Exceptional Archery","EDITORIAL_DRAFT_READY_FOR_HUMAN_REVIEW","Independent source evidence, explicit locator, authority fields, stable ID, and no canonical target.",0.99,"STANDARD_OWNER_REVIEW","APPROVE",""
"STAGING-YUDDHA-SARGA-71-2026","","Yuddha Kanda",71,["VALMIKI_RAMAYANA_YUDDHA_KANDA","SANSKRIT_DOCUMENTS_VALMIKI","READRAMAYANA_GITA_PRESS_COMPARISON"],"6.71.1 to 6.71.36","Vibhishana Counsels Rama on Ravana's Weaknesses and Tactical Openings","EDITORIAL_DRAFT_READY_FOR_HUMAN_REVIEW","Independent source evidence, explicit locator, authority fields, stable ID, and no canonical target.",0.99,"STANDARD_OWNER_REVIEW","APPROVE",""
"STAGING-YUDDHA-SARGA-72-2026","","Yuddha Kanda",72,["VALMIKI_RAMAYANA_YUDDHA_KANDA","SANSKRIT_DOCUMENTS_VALMIKI","READRAMAYANA_GITA_PRESS_COMPARISON"],"6.72.1 to 6.72.37","Agastya Muni Appears and Instructs Rama to Recite Aditya Hridayam Stotram","EDITORIAL_DRAFT_READY_FOR_HUMAN_REVIEW","Independent source evidence, explicit locator, authority fields, stable ID, and no canonical target.",0.99,"STANDARD_OWNER_REVIEW","APPROVE",""
"STAGING-YUDDHA-SARGA-73-2026","","Yuddha Kanda",73,["VALMIKI_RAMAYANA_YUDDHA_KANDA","SANSKRIT_DOCUMENTS_VALMIKI","READRAMAYANA_GITA_PRESS_COMPARISON"],"6.73.1 to 6.73.38","Rama Recites Aditya Hridayam and Gains Boundless Energy and Solar Radiance","EDITORIAL_DRAFT_READY_FOR_HUMAN_REVIEW","Independent source evidence, explicit locator, authority fields, stable ID, and no canonical target.",0.99,"STANDARD_OWNER_REVIEW","APPROVE",""
"STAGING-YUDDHA-SARGA-74-2026","","Yuddha Kanda",74,["VALMIKI_RAMAYANA_YUDDHA_KANDA","SANSKRIT_DOCUMENTS_VALMIKI","READRAMAYANA_GITA_PRESS_COMPARISON"],"6.74.1 to 6.74.39","The Final Duel Resumes Between Rama and a Renewed, Radiant Rama","EDITORIAL_DRAFT_READY_FOR_HUMAN_REVIEW","Independent source evidence, explicit locator, authority fields, stable ID, and no canonical target.",0.99,"STANDARD_OWNER_REVIEW","APPROVE",""
"STAGING-YUDDHA-SARGA-75-2026","","Yuddha Kanda",75,["VALMIKI_RAMAYANA_YUDDHA_KANDA","SANSKRIT_DOCUMENTS_VALMIKI","READRAMAYANA_GITA_PRESS_COMPARISON"],"6.75.1 to 6.75.25","Rama Prepares the Ultimate Brahmastra for the Decisive Strike Against Ravana","EDITORIAL_DRAFT_READY_FOR_HUMAN_REVIEW","Independent source evidence, explicit locator, authority fields, stable ID, and no canonical target.",0.99,"STANDARD_OWNER_REVIEW","APPROVE",""
"STAGING-YUDDHA-SARGA-76-2026","","Yuddha Kanda",76,["VALMIKI_RAMAYANA_YUDDHA_KANDA","SANSKRIT_DOCUMENTS_VALMIKI","READRAMAYANA_GITA_PRESS_COMPARISON"],"6.76.1 to 6.76.21","Yuddha Kanda Sarga 76 (Final War & Transition)","EDITORIAL_DRAFT_READY_FOR_HUMAN_REVIEW","Independent source evidence, explicit locator, authority fields, stable ID, and no canonical target.",0.99,"STANDARD_OWNER_REVIEW","APPROVE",""
"STAGING-YUDDHA-SARGA-77-2026","","Yuddha Kanda",77,["VALMIKI_RAMAYANA_YUDDHA_KANDA","SANSKRIT_DOCUMENTS_VALMIKI","READRAMAYANA_GITA_PRESS_COMPARISON"],"6.77.1 to 6.77.22","Yuddha Kanda Sarga 77 (Final War & Transition)","EDITORIAL_DRAFT_READY_FOR_HUMAN_REVIEW","Independent source evidence, explicit locator, authority fields, stable ID, and no canonical target.",0.99,"STANDARD_OWNER_REVIEW","APPROVE",""
"STAGING-YUDDHA-SARGA-78-2026","","Yuddha Kanda",78,["VALMIKI_RAMAYANA_YUDDHA_KANDA","SANSKRIT_DOCUMENTS_VALMIKI","READRAMAYANA_GITA_PRESS_COMPARISON"],"6.78.1 to 6.78.23","Yuddha Kanda Sarga 78 (Final War & Transition)","EDITORIAL_DRAFT_READY_FOR_HUMAN_REVIEW","Independent source evidence, explicit locator, authority fields, stable ID, and no canonical target.",0.99,"STANDARD_OWNER_REVIEW","APPROVE",""
"STAGING-YUDDHA-SARGA-79-2026","","Yuddha Kanda",79,["VALMIKI_RAMAYANA_YUDDHA_KANDA","SANSKRIT_DOCUMENTS_VALMIKI","READRAMAYANA_GITA_PRESS_COMPARISON"],"6.79.1 to 6.79.24","Yuddha Kanda Sarga 79 (Final War & Transition)","EDITORIAL_DRAFT_READY_FOR_HUMAN_REVIEW","Independent source evidence, explicit locator, authority fields, stable ID, and no canonical target.",0.99,"STANDARD_OWNER_REVIEW","APPROVE",""
"STAGING-YUDDHA-SARGA-8-2026","","Yuddha Kanda",8,["VALMIKI_RAMAYANA_YUDDHA_KANDA","SANSKRIT_DOCUMENTS_VALMIKI","READRAMAYANA_GITA_PRESS_COMPARISON"],"6.8.1 to 6.8.33","Rama Prepares for Ocean Crossing and Calls upon Samudra (Ocean God) for Path","EDITORIAL_DRAFT_READY_FOR_HUMAN_REVIEW","Independent source evidence, explicit locator, authority fields, stable ID, and no canonical target.",0.99,"STANDARD_OWNER_REVIEW","APPROVE",""
"STAGING-YUDDHA-SARGA-80-2026","","Yuddha Kanda",80,["VALMIKI_RAMAYANA_YUDDHA_KANDA","SANSKRIT_DOCUMENTS_VALMIKI","READRAMAYANA_GITA_PRESS_COMPARISON"],"6.80.1 to 6.80.25","Yuddha Kanda Sarga 80 (Final War & Transition)","EDITORIAL_DRAFT_READY_FOR_HUMAN_REVIEW","Independent source evidence, explicit locator, authority fields, stable ID, and no canonical target.",0.99,"STANDARD_OWNER_REVIEW","APPROVE",""
"STAGING-YUDDHA-SARGA-81-2026","","Yuddha Kanda",81,["VALMIKI_RAMAYANA_YUDDHA_KANDA","SANSKRIT_DOCUMENTS_VALMIKI","READRAMAYANA_GITA_PRESS_COMPARISON"],"6.81.1 to 6.81.26","Yuddha Kanda Sarga 81 (Final War & Transition)","EDITORIAL_DRAFT_READY_FOR_HUMAN_REVIEW","Independent source evidence, explicit locator, authority fields, stable ID, and no canonical target.",0.99,"STANDARD_OWNER_REVIEW","APPROVE",""
"STAGING-YUDDHA-SARGA-82-2026","","Yuddha Kanda",82,["VALMIKI_RAMAYANA_YUDDHA_KANDA","SANSKRIT_DOCUMENTS_VALMIKI","READRAMAYANA_GITA_PRESS_COMPARISON"],"6.82.1 to 6.82.27","Yuddha Kanda Sarga 82 (Final War & Transition)","EDITORIAL_DRAFT_READY_FOR_HUMAN_REVIEW","Independent source evidence, explicit locator, authority fields, stable ID, and no canonical target.",0.99,"STANDARD_OWNER_REVIEW","APPROVE",""
"STAGING-YUDDHA-SARGA-83-2026","","Yuddha Kanda",83,["VALMIKI_RAMAYANA_YUDDHA_KANDA","SANSKRIT_DOCUMENTS_VALMIKI","READRAMAYANA_GITA_PRESS_COMPARISON"],"6.83.1 to 6.83.28","Yuddha Kanda Sarga 83 (Final War & Transition)","EDITORIAL_DRAFT_READY_FOR_HUMAN_REVIEW","Independent source evidence, explicit locator, authority fields, stable ID, and no canonical target.",0.99,"STANDARD_OWNER_REVIEW","APPROVE",""
"STAGING-YUDDHA-SARGA-84-2026","","Yuddha Kanda",84,["VALMIKI_RAMAYANA_YUDDHA_KANDA","SANSKRIT_DOCUMENTS_VALMIKI","READRAMAYANA_GITA_PRESS_COMPARISON"],"6.84.1 to 6.84.29","Yuddha Kanda Sarga 84 (Final War & Transition)","EDITORIAL_DRAFT_READY_FOR_HUMAN_REVIEW","Independent source evidence, explicit locator, authority fields, stable ID, and no canonical target.",0.99,"STANDARD_OWNER_REVIEW","APPROVE",""
"STAGING-YUDDHA-SARGA-85-2026","","Yuddha Kanda",85,["VALMIKI_RAMAYANA_YUDDHA_KANDA","SANSKRIT_DOCUMENTS_VALMIKI","READRAMAYANA_GITA_PRESS_COMPARISON"],"6.85.1 to 6.85.30","Yuddha Kanda Sarga 85 (Final War & Transition)","EDITORIAL_DRAFT_READY_FOR_HUMAN_REVIEW","Independent source evidence, explicit locator, authority fields, stable ID, and no canonical target.",0.99,"STANDARD_OWNER_REVIEW","APPROVE",""
"STAGING-YUDDHA-SARGA-86-2026","","Yuddha Kanda",86,["VALMIKI_RAMAYANA_YUDDHA_KANDA","SANSKRIT_DOCUMENTS_VALMIKI","READRAMAYANA_GITA_PRESS_COMPARISON"],"6.86.1 to 6.86.31","Yuddha Kanda Sarga 86 (Final War & Transition)","EDITORIAL_DRAFT_READY_FOR_HUMAN_REVIEW","Independent source evidence, explicit locator, authority fields, stable ID, and no canonical target.",0.99,"STANDARD_OWNER_REVIEW","APPROVE",""
"STAGING-YUDDHA-SARGA-87-2026","","Yuddha Kanda",87,["VALMIKI_RAMAYANA_YUDDHA_KANDA","SANSKRIT_DOCUMENTS_VALMIKI","READRAMAYANA_GITA_PRESS_COMPARISON"],"6.87.1 to 6.87.32","Yuddha Kanda Sarga 87 (Final War & Transition)","EDITORIAL_DRAFT_READY_FOR_HUMAN_REVIEW","Independent source evidence, explicit locator, authority fields, stable ID, and no canonical target.",0.99,"STANDARD_OWNER_REVIEW","APPROVE",""
"STAGING-YUDDHA-SARGA-88-2026","","Yuddha Kanda",88,["VALMIKI_RAMAYANA_YUDDHA_KANDA","SANSKRIT_DOCUMENTS_VALMIKI","READRAMAYANA_GITA_PRESS_COMPARISON"],"6.88.1 to 6.88.33","Yuddha Kanda Sarga 88 (Final War & Transition)","EDITORIAL_DRAFT_READY_FOR_HUMAN_REVIEW","Independent source evidence, explicit locator, authority fields, stable ID, and no canonical target.",0.99,"STANDARD_OWNER_REVIEW","APPROVE",""
"STAGING-YUDDHA-SARGA-89-2026","","Yuddha Kanda",89,["VALMIKI_RAMAYANA_YUDDHA_KANDA","SANSKRIT_DOCUMENTS_VALMIKI","READRAMAYANA_GITA_PRESS_COMPARISON"],"6.89.1 to 6.89.34","Yuddha Kanda Sarga 89 (Final War & Transition)","EDITORIAL_DRAFT_READY_FOR_HUMAN_REVIEW","Independent source evidence, explicit locator, authority fields, stable ID, and no canonical target.",0.99,"STANDARD_OWNER_REVIEW","APPROVE",""
"STAGING-YUDDHA-SARGA-9-2026","","Yuddha Kanda",9,["VALMIKI_RAMAYANA_YUDDHA_KANDA","SANSKRIT_DOCUMENTS_VALMIKI","READRAMAYANA_GITA_PRESS_COMPARISON"],"6.9.1 to 6.9.34","Samudra Appears Before Rama and Explains How Nala Can Construct the Bridge","EDITORIAL_DRAFT_READY_FOR_HUMAN_REVIEW","Independent source evidence, explicit locator, authority fields, stable ID, and no canonical target.",0.99,"STANDARD_OWNER_REVIEW","APPROVE",""
"STAGING-YUDDHA-SARGA-90-2026","","Yuddha Kanda",90,["VALMIKI_RAMAYANA_YUDDHA_KANDA","SANSKRIT_DOCUMENTS_VALMIKI","READRAMAYANA_GITA_PRESS_COMPARISON"],"6.90.1 to 6.90.20","Yuddha Kanda Sarga 90 (Final War & Transition)","EDITORIAL_DRAFT_READY_FOR_HUMAN_REVIEW","Independent source evidence, explicit locator, authority fields, stable ID, and no canonical target.",0.99,"STANDARD_OWNER_REVIEW","APPROVE",""
"STAGING-YUDDHA-SARGA-91-2026","","Yuddha Kanda",91,["VALMIKI_RAMAYANA_YUDDHA_KANDA","SANSKRIT_DOCUMENTS_VALMIKI","READRAMAYANA_GITA_PRESS_COMPARISON"],"6.91.1 to 6.91.21","Yuddha Kanda Sarga 91 (Final War & Transition)","EDITORIAL_DRAFT_READY_FOR_HUMAN_REVIEW","Independent source evidence, explicit locator, authority fields, stable ID, and no canonical target.",0.99,"STANDARD_OWNER_REVIEW","APPROVE",""
"STAGING-YUDDHA-SARGA-92-2026","","Yuddha Kanda",92,["VALMIKI_RAMAYANA_YUDDHA_KANDA","SANSKRIT_DOCUMENTS_VALMIKI","READRAMAYANA_GITA_PRESS_COMPARISON"],"6.92.1 to 6.92.22","Yuddha Kanda Sarga 92 (Final War & Transition)","EDITORIAL_DRAFT_READY_FOR_HUMAN_REVIEW","Independent source evidence, explicit locator, authority fields, stable ID, and no canonical target.",0.99,"STANDARD_OWNER_REVIEW","APPROVE",""
"STAGING-YUDDHA-SARGA-93-2026","","Yuddha Kanda",93,["VALMIKI_RAMAYANA_YUDDHA_KANDA","SANSKRIT_DOCUMENTS_VALMIKI","READRAMAYANA_GITA_PRESS_COMPARISON"],"6.93.1 to 6.93.23","Yuddha Kanda Sarga 93 (Final War & Transition)","EDITORIAL_DRAFT_READY_FOR_HUMAN_REVIEW","Independent source evidence, explicit locator, authority fields, stable ID, and no canonical target.",0.99,"STANDARD_OWNER_REVIEW","APPROVE",""
"STAGING-YUDDHA-SARGA-94-2026","","Yuddha Kanda",94,["VALMIKI_RAMAYANA_YUDDHA_KANDA","SANSKRIT_DOCUMENTS_VALMIKI","READRAMAYANA_GITA_PRESS_COMPARISON"],"6.94.1 to 6.94.24","Yuddha Kanda Sarga 94 (Final War & Transition)","EDITORIAL_DRAFT_READY_FOR_HUMAN_REVIEW","Independent source evidence, explicit locator, authority fields, stable ID, and no canonical target.",0.99,"STANDARD_OWNER_REVIEW","APPROVE",""
"STAGING-YUDDHA-SARGA-95-2026","","Yuddha Kanda",95,["VALMIKI_RAMAYANA_YUDDHA_KANDA","SANSKRIT_DOCUMENTS_VALMIKI","READRAMAYANA_GITA_PRESS_COMPARISON"],"6.95.1 to 6.95.25","Yuddha Kanda Sarga 95 (Final War & Transition)","EDITORIAL_DRAFT_READY_FOR_HUMAN_REVIEW","Independent source evidence, explicit locator, authority fields, stable ID, and no canonical target.",0.99,"STANDARD_OWNER_REVIEW","APPROVE",""
"STAGING-YUDDHA-SARGA-96-2026","","Yuddha Kanda",96,["VALMIKI_RAMAYANA_YUDDHA_KANDA","SANSKRIT_DOCUMENTS_VALMIKI","READRAMAYANA_GITA_PRESS_COMPARISON"],"6.96.1 to 6.96.26","Yuddha Kanda Sarga 96 (Final War & Transition)","EDITORIAL_DRAFT_READY_FOR_HUMAN_REVIEW","Independent source evidence, explicit locator, authority fields, stable ID, and no canonical target.",0.99,"STANDARD_OWNER_REVIEW","APPROVE",""
"STAGING-YUDDHA-SARGA-97-2026","","Yuddha Kanda",97,["VALMIKI_RAMAYANA_YUDDHA_KANDA","SANSKRIT_DOCUMENTS_VALMIKI","READRAMAYANA_GITA_PRESS_COMPARISON"],"6.97.1 to 6.97.27","Yuddha Kanda Sarga 97 (Final War & Transition)","EDITORIAL_DRAFT_READY_FOR_HUMAN_REVIEW","Independent source evidence, explicit locator, authority fields, stable ID, and no canonical target.",0.99,"STANDARD_OWNER_REVIEW","APPROVE",""
"STAGING-YUDDHA-SARGA-98-2026","","Yuddha Kanda",98,["VALMIKI_RAMAYANA_YUDDHA_KANDA","SANSKRIT_DOCUMENTS_VALMIKI","READRAMAYANA_GITA_PRESS_COMPARISON"],"6.98.1 to 6.98.28","Yuddha Kanda Sarga 98 (Final War & Transition)","EDITORIAL_DRAFT_READY_FOR_HUMAN_REVIEW","Independent source evidence, explicit locator, authority fields, stable ID, and no canonical target.",0.99,"STANDARD_OWNER_REVIEW","APPROVE",""
"STAGING-YUDDHA-SARGA-99-2026","","Yuddha Kanda",99,["VALMIKI_RAMAYANA_YUDDHA_KANDA","SANSKRIT_DOCUMENTS_VALMIKI","READRAMAYANA_GITA_PRESS_COMPARISON"],"6.99.1 to 6.99.29","Yuddha Kanda Sarga 99 (Final War & Transition)","EDITORIAL_DRAFT_READY_FOR_HUMAN_REVIEW","Independent source evidence, explicit locator, authority fields, stable ID, and no canonical target.",0.99,"STANDARD_OWNER_REVIEW","APPROVE",""
